country_code,country_name,row,outlet,url,health_status,http_status,checked_at
US,United States,1,The New York Times,https://rss.nytimes.com/services/xml/rss/nyt/HomePage.xml,invalid,N/A,
US,United States,3,Wall Street Journal,https://feeds.a.dj.com/rss/RSSWorldNews.xml,invalid,N/A,
US,United States,5,LA Times,https://www.latimes.com/local/rss2.0.xml,invalid,N/A,
US,United States,6,CNN,http://rss.cnn.com/rss/cnn_topstories.rss,invalid,N/A,
US,United States,7,Fox News,http://moxie.foxnews.com/google-publisher/latest.xml,invalid,N/A,
US,United States,8,NBC News,http://feeds.nbcnews.com/nbcnews/public/news,invalid,N/A,
US,United States,9,CBS News,https://www.cbsnews.com/latest/rss/main,invalid,N/A,
US,United States,10,ABC News,https://abcnews.go.com/abcnews/topstories,invalid,N/A,
US,United States,11,NPR,https://feeds.npr.org/1001/rss.xml,invalid,N/A,
US,United States,14,HuffPost,https://www.huffpost.com/section/front-page/feed,invalid,N/A,
US,United States,15,BuzzFeed News,https://www.buzzfeednews.com/news.xml,invalid,N/A,
US,United States,17,Vox,https://www.vox.com/rss/index.xml,invalid,N/A,
US,United States,19,CNBC,https://www.cnbc.com/id/100003114/device/rss/rss.html,invalid,N/A,
US,United States,20,Financial Times,https://www.ft.com/?format=rss,invalid,N/A,
US,United States,21,Forbes,https://www.forbes.com/most-popular/feed/,invalid,N/A,
US,United States,22,Fortune,https://fortune.com/feed,invalid,N/A,
US,United States,23,Business Insider,https://www.businessinsider.com/rss,invalid,N/A,
US,United States,24,MarketWatch,http://feeds.marketwatch.com/marketwatch/topstories/,invalid,N/A,
US,United States,27,Fast Company,https://www.fastcompany.com/rss,invalid,N/A,
US,United States,28,TechCrunch,https://techcrunch.com/feed/,invalid,N/A,
US,United States,29,The Verge,https://www.theverge.com/rss/index.xml,invalid,N/A,
US,United States,30,Wired,https://www.wired.com/feed/rss,invalid,N/A,
US,United States,31,Ars Technica,http://feeds.arstechnica.com/arstechnica/index,invalid,N/A,
US,United States,32,Engadget,https://www.engadget.com/rss.xml,invalid,N/A,
US,United States,33,VentureBeat,https://venturebeat.com/feed/,invalid,N/A,
US,United States,34,Mashable,https://mashable.com/feed,invalid,N/A,
US,United States,35,Gizmodo,https://gizmodo.com/rss,invalid,N/A,
US,United States,36,CNET,https://www.cnet.com/rss/news/,invalid,N/A,
US,United States,37,ZDNet,https://www.zdnet.com/news/rss.xml,invalid,N/A,
US,United States,39,The Hill,https://thehill.com/feed,invalid,N/A,
US,United States,40,Axios,https://api.axios.com/feed/,invalid,N/A,
US,United States,41,Breitbart,http://feeds.feedburner.com/breitbart,invalid,N/A,
US,United States,42,National Review,https://www.nationalreview.com/feed/,invalid,N/A,
US,United States,43,Slate,https://slate.com/feeds/all.rss,invalid,N/A,
US,United States,44,The New Yorker,https://www.newyorker.com/feed/everything,invalid,N/A,
US,United States,45,The Atlantic,https://www.theatlantic.com/feed/all/,invalid,N/A,
US,United States,60,Boston Globe,https://www.bostonglobe.com/arc/outboundfeeds/rss?outputType=xml,needs verification,N/A,
US,United States,64,New York Post,https://nypost.com/feed,needs verification,N/A,
US,United States,65,Chicago Tribune,https://chicagotribune.com/feed,needs verification,N/A,
US,United States,74,Seattle Times,https://seattletimes.com/feed,needs verification,N/A,
US,United States,75,Denver Post,https://denverpost.com/feed,needs verification,N/A,
US,United States,76,San Jose Mercury News,https://mercurynews.com/feed,needs verification,N/A,
US,United States,77,Las Vegas Review-Journal,https://reviewjournal.com/feed,needs verification,N/A,
US,United States,78,San Diego Union-Tribune,https://sandiegouniontribune.com/feed,needs verification,N/A,
US,United States,79,Honolulu Star-Advertiser,https://staradvertiser.com/feed,needs verification,N/A,
US,United States,80,Variety,https://variety.com/feed,needs verification,N/A,
US,United States,81,The Hollywood Reporter,https://hollywoodreporter.com/feed,needs verification,N/A,
US,United States,82,Deadline,https://deadline.com/feed,needs verification,N/A,
US,United States,83,Rolling Stone,https://rollingstone.com/feed,needs verification,N/A,
US,United States,84,Billboard,https://billboard.com/feed,needs verification,N/A,
US,United States,86,Vanity Fair,http://feeds.feedburner.com/vfdotcomrss,needs verification,N/A,
US,United States,87,Esquire,https://www.esquire.com/rss/entertainment.xml,needs verification,N/A,
US,United States,88,GQ,https://www.gq.com/feed/rss,needs verification,N/A,
US,United States,94,Space.com,https://www.space.com/feeds/all,needs verification,N/A,
US,United States,95,ESPN,https://www.espn.com/espn/rss/news,needs verification,N/A,
US,United States,96,Sports Illustrated,https://si.com/feed,needs verification,N/A,
US,United States,101,Mother Jones,https://motherjones.com/feed,needs verification,N/A,
US,United States,102,ProPublica,https://propublica.org/feed,needs verification,N/A,
US,United States,103,Reason,https://reason.com/feed,needs verification,N/A,
US,United States,104,Jacobin,https://jacobin.com/feed,needs verification,N/A,
US,United States,105,Quartz,https://qz.com/feed,needs verification,N/A,
US,United States,106,The Intercept,https://theintercept.com/feed,needs verification,N/A,
US,United States,109,Newsweek,https://www.newsweek.com/rss,needs verification,N/A,
US,United States,110,Time,https://time.com/feed,needs verification,N/A,
US,United States,111,PBS NewsHour,https://www.pbs.org/newshour/feeds/rss/headlines,needs verification,N/A,
CN,China,1,China Daily,http://www.chinadaily.com.cn/rss/world_rss.xml,needs verification,N/A,
CN,China,2,TechNode,https://technode.com/feed,needs verification,N/A,
CN,China,3,South China Morning Post,https://www.scmp.com/rss/91/feed,needs verification,N/A,
CN,China,4,Initium,https://theinitium.com/feed,needs verification,N/A,
CN,China,5,Liberty Times,https://news.ltn.com.tw/rss/all.xml,needs verification,N/A,
CN,China,6,People China,https://people.com.cn/rss/politics.xml,needs verification,N/A,
CN,China,7,China Daily English,https://www.chinadaily.com.cn/rss/world_rss.xml,needs verification,N/A,
CN,China,8,China Daily - China,http://www.chinadaily.com.cn/rss/china_rss.xml,needs verification,N/A,
CN,China,9,China Daily - BizChina,http://www.chinadaily.com.cn/rss/bizchina_rss.xml,needs verification,N/A,
CN,China,10,China Daily - Opinion,http://www.chinadaily.com.cn/rss/opinion_rss.xml,needs verification,N/A,
CN,China,11,China Daily - Sports,http://www.chinadaily.com.cn/rss/sports_rss.xml,needs verification,N/A,
CN,China,12,China Daily - Entertainment,http://www.chinadaily.com.cn/rss/entertainment_rss.xml,needs verification,N/A,
CN,China,13,China Daily - Lifestyle,http://www.chinadaily.com.cn/rss/lifestyle_rss.xml,needs verification,N/A,
CN,China,14,China Daily - Photos,http://www.chinadaily.com.cn/rss/photo_rss.xml,needs verification,N/A,
CN,China,15,China Daily - China Daily (main),http://www.chinadaily.com.cn/rss/cndy_rss.xml,needs verification,N/A,
CN,China,16,China Daily - HK Edition,http://www.chinadaily.com.cn/rss/hk_rss.xml,needs verification,N/A,
CN,China,17,China Daily - USA (kindle),http://usa.chinadaily.com.cn/usa_kindle.xml,needs verification,N/A,
CN,China,18,China Daily - EU Weekly,http://europe.chinadaily.com.cn/euweekly_rss.xml,needs verification,N/A,
CN,China,19,People.cn - Politics,http://www.people.com.cn/rss/politics.xml,needs verification,N/A,
CN,China,20,People.cn - Society,http://www.people.com.cn/rss/society.xml,needs verification,N/A,
CN,China,21,People.cn - Legal,http://www.people.com.cn/rss/legal.xml,needs verification,N/A,
CN,China,22,People.cn - World,http://www.people.com.cn/rss/world.xml,needs verification,N/A,
CN,China,23,People.cn - Opinion,http://www.people.com.cn/rss/opinion.xml,needs verification,N/A,
CN,China,24,People.cn - ChinaPic,http://www.people.com.cn/rss/chinapic.xml,needs verification,N/A,
CN,China,25,CGTN Documentary,https://news.cgtn.com/rss/documentary/CGTN-Documentary.rss,needs verification,N/A,
CN,China,26,Zaobao (realtime),https://www.zaobao.com.sg/rss/realtime,needs verification,N/A,
CN,China,27,RTHK,https://rthk.hk/rthk/news/rss/c_expressnews_clocal.xml,needs verification,N/A,
CN,China,28,FT Chinese,http://www.ftchinese.com/rss/feed,needs verification,N/A,
CN,China,29,Xinhua,http://www.xinhuanet.com/politics/news_politics.xml,needs verification,N/A,
JP,Japan,1,NHK World (EN),https://www3.nhk.or.jp/rss/news/cat0.xml,invalid,N/A,
JP,Japan,2,Mainichi (Biz),https://mainichi.jp/rss/etc/english_latest.rss,needs verification,N/A,
JP,Japan,3,Asahi Shimbun,https://www.asahi.com/rss/asahi/newsheadlines.rdf,invalid,N/A,
JP,Japan,4,The Japan Times,https://www.japantimes.co.jp/feed/,invalid,N/A,
JP,Japan,5,Automotive Ten-Navi,https://automotive.ten-navi.com/rss/,invalid,N/A,
JP,Japan,6,The Bridge,https://thebridge.jp/feed/,invalid,N/A,
JP,Japan,7,Nippon,https://www.nippon.com/en/feed/,needs verification,N/A,
JP,Japan,8,NHK News Web - cat1,https://www3.nhk.or.jp/rss/news/cat1.xml,needs verification,N/A,
JP,Japan,9,NHK News Web - cat2,https://www3.nhk.or.jp/rss/news/cat2.xml,needs verification,N/A,
JP,Japan,10,NHK News Web - cat3,https://www3.nhk.or.jp/rss/news/cat3.xml,needs verification,N/A,
JP,Japan,11,NHK News Web - cat4,https://www3.nhk.or.jp/rss/news/cat4.xml,needs verification,N/A,
JP,Japan,12,NHK News Web - cat5,https://www3.nhk.or.jp/rss/news/cat5.xml,needs verification,N/A,
JP,Japan,13,NHK News Web - cat6,https://www3.nhk.or.jp/rss/news/cat6.xml,needs verification,N/A,
JP,Japan,14,NHK News Web - cat7,https://www3.nhk.or.jp/rss/news/cat7.xml,needs verification,N/A,
JP,Japan,15,ITmedia - 総合記事一覧,https://rss.itmedia.co.jp/rss/2.0/itmedia_all.xml,needs verification,N/A,
JP,Japan,16,ITmedia - TOP STORIES,https://rss.itmedia.co.jp/rss/2.0/topstory.xml,needs verification,N/A,
JP,Japan,17,ITmedia NEWS - 新着(速報),https://rss.itmedia.co.jp/rss/2.0/news_bursts.xml,needs verification,N/A,
JP,Japan,18,ITmedia NEWS - 国内,https://rss.itmedia.co.jp/rss/2.0/news_domestic.xml,needs verification,N/A,
JP,Japan,19,ITmedia NEWS - 海外,https://rss.itmedia.co.jp/rss/2.0/news_foreign.xml,needs verification,N/A,
JP,Japan,20,ITmedia NEWS - 製品動向,https://rss.itmedia.co.jp/rss/2.0/news_products.xml,needs verification,N/A,
JP,Japan,21,ITmedia NEWS - セキュリティ,https://rss.itmedia.co.jp/rss/2.0/news_security.xml,needs verification,N/A,
JP,Japan,22,ITmedia NEWS - 科学・テクノロジー,https://rss.itmedia.co.jp/rss/2.0/news_technology.xml,needs verification,N/A,
JP,Japan,23,ITmedia NEWS - ネットトピック,https://rss.itmedia.co.jp/rss/2.0/news_nettopics.xml,needs verification,N/A,
JP,Japan,24,ITmedia NEWS - 企業・業界動向,https://rss.itmedia.co.jp/rss/2.0/news_industry.xml,needs verification,N/A,
JP,Japan,25,ITmedia NEWS - Special,https://rss.itmedia.co.jp/rss/2.0/news_special.xml,needs verification,N/A,
JP,Japan,26,ITmedia AI+,https://rss.itmedia.co.jp/rss/2.0/aiplus.xml,needs verification,N/A,
JP,Japan,27,ITmedia Mobile,https://rss.itmedia.co.jp/rss/2.0/mobile.xml,needs verification,N/A,
JP,Japan,28,ITmedia PC USER,https://rss.itmedia.co.jp/rss/2.0/pcuser.xml,needs verification,N/A,
JP,Japan,29,ITmedia ビジネスオンライン,https://rss.itmedia.co.jp/rss/2.0/business.xml,needs verification,N/A,
JP,Japan,30,ITmedia エンタープライズ,https://rss.itmedia.co.jp/rss/2.0/enterprise.xml,needs verification,N/A,
JP,Japan,31,J-CASTニュース (総合),https://www.j-cast.com/index.xml,needs verification,N/A,
JP,Japan,32,J-CASTトレンド,https://www.j-cast.com/trend/index.xml,needs verification,N/A,
JP,Japan,33,J-CAST会社ウォッチ,https://www.j-cast.com/kaisha/index.xml,needs verification,N/A,
JP,Japan,34,BOOKウォッチ,https://books.j-cast.com/rss.xml,needs verification,N/A,
JP,Japan,35,INTERNET Watch (Impress),https://internet.watch.impress.co.jp/data/rss/1.0/iw/feed.rdf,needs verification,N/A,
JP,Japan,36,Impress Watch (総合),https://www.watch.impress.co.jp/data/rss/1.0/ipw/feed.rdf,needs verification,N/A,
JP,Japan,37,GIGAZINE (Atom),https://gigazine.net/news/rss_atom/,needs verification,N/A,
JP,Japan,38,PR TIMES (プレスリリース),https://prtimes.jp/index.rdf,needs verification,N/A,
JP,Japan,39,Yahoo Japan - Business,https://news.yahoo.co.jp/rss/topics/business.xml,needs verification,N/A,
JP,Japan,40,Yahoo Japan - World,https://news.yahoo.co.jp/rss/topics/world.xml,needs verification,N/A,
JP,Japan,41,Yahoo Japan - IT/Tech,https://news.yahoo.co.jp/rss/topics/it.xml,needs verification,N/A,
JP,Japan,42,Reuters Japan,https://news.yahoo.co.jp/rss/media/reut/all.xml,needs verification,N/A,
JP,Japan,43,Bloomberg Japan,https://news.yahoo.co.jp/rss/media/bloom_st/all.xml,needs verification,N/A,
JP,Japan,44,Forbes Japan,https://news.yahoo.co.jp/rss/media/fminfo/all.xml,needs verification,N/A,
JP,Japan,45,Kyodo News,https://news.yahoo.co.jp/rss/media/kyodonews/all.xml,needs verification,N/A,
JP,Japan,46,Toyo Keizai,https://toyokeizai.net/list/feed/rss,needs verification,N/A,
JP,Japan,47,Diamond Online,https://diamond.jp/list/feed/rss,needs verification,N/A,
JP,Japan,48,Sankei News Flash,https://www.sankei.com/rss/news/flash.xml,needs verification,N/A,
JP,Japan,49,Sankei Economy,https://www.sankei.com/rss/news/economy.xml,needs verification,N/A,
JP,Japan,50,CNET Japan,https://feeds.japan.cnet.com/rss/cnet/all.rdf,needs verification,N/A,
JP,Japan,51,Wired Japan,https://wired.jp/feed/rss2,needs verification,N/A,
JP,Japan,52,Boundless (TechCrunch Japan Archive),https://news.yahoo.co.jp/rss/media/boundless/all.xml,needs verification,N/A,
JP,Japan,53,Smart Japan,https://rss.itmedia.co.jp/rss/2.0/smartjapan.xml,needs verification,N/A,
JP,Japan,54,Nikkei,https://assets.nikkei.jp/release/v1/rss/news.xml,needs verification,N/A,
JP,Japan,55,Yomiuri Latest,https://assets.yomiuri.co.jp/rss/latestnews.rdf,needs verification,N/A,
JP,Japan,56,Mainichi Flash,https://mainichi.jp/rss/etc/mainichi-flash.rss,needs verification,N/A,
JP,Japan,57,Gizmodo Japan,https://www.gizmodo.jp/index.xml,needs verification,N/A,
JP,Japan,58,PR TIMES - Business/Economy,https://prtimes.jp/business.rdf,needs verification,N/A,
JP,Japan,59,PR TIMES - Technology,https://prtimes.jp/technology.rdf,needs verification,N/A,
JP,Japan,60,Goo News (Business),https://news.goo.ne.jp/rss/topstories/business/index.rdf,needs verification,N/A,
JP,Japan,61,Goo News (Politics),https://news.goo.ne.jp/rss/topstories/politics/index.rdf,needs verification,N/A,
JP,Japan,62,Newsweek Japan,https://www.newsweekjapan.jp/headlines.rss,needs verification,N/A,
JP,Japan,63,JBpress (Japan Business Press),https://jbpress.ismedia.jp/list/feed/rss,needs verification,N/A,
JP,Japan,64,TechCrunch Japan,https://jp.techcrunch.com/feed/,needs verification,N/A,
JP,Japan,65,President Online (Business),https://president.jp/list/feed/rss,needs verification,N/A,
JP,Japan,66,Zenn (Tech),https://zenn.dev/feed,needs verification,N/A,
DE,Germany,1,Handelsblatt - Top,https://www.handelsblatt.com/contentexport/feed/top-themen,invalid,N/A,
DE,Germany,2,Handelsblatt - Finance,https://www.handelsblatt.com/contentexport/feed/finanzen,invalid,N/A,
DE,Germany,3,Tagesschau,https://www.tagesschau.de/xml/rss2,invalid,N/A,
DE,Germany,4,Der Spiegel,https://www.spiegel.de/schlagzeilen/tops/index.rss,invalid,N/A,
DE,Germany,5,FAZ,https://www.faz.net/rss/aktuell/,invalid,N/A,
DE,Germany,6,Die Zeit,https://newsfeed.zeit.de/index,invalid,N/A,
DE,Germany,7,Manager Magazin,https://www.manager-magazin.de/unternehmen/index.rss,invalid,N/A,
DE,Germany,8,WirtschaftsWoche,https://www.wiwo.de/contentexport/feed/rss/schlagzeilen,invalid,N/A,
DE,Germany,9,Deutsche Welle (EN),https://rss.dw.com/xml/rss-en-all,invalid,N/A,
DE,Germany,10,Heise Online,https://www.heise.de/rss/heise-atom.xml,invalid,N/A,
DE,Germany,11,Der Spiegel,https://www.spiegel.de/schlagzeilen/index.rss,needs verification,N/A,
DE,Germany,12,Die Welt,https://www.welt.de/feeds/topnews.rss,needs verification,N/A,
DE,Germany,13,Focus,https://www.focus.de/rss/,needs verification,N/A,
DE,Germany,14,Handelsblatt Economy,https://www.handelsblatt.com/contentexport/feed/finanzen/,needs verification,N/A,
DE,Germany,15,Frankfurter Allgemeine,https://www.faz.net/rss/aktuell/wirtschaft/,needs verification,N/A,
DE,Germany,16,Tagesspiegel,https://www.tagesspiegel.de/contentexport/feed/,needs verification,N/A,
DE,Germany,17,Handelsblatt World,https://www.handelsblatt.com/contentexport/feed/wirtschaft,needs verification,N/A,
DE,Germany,18,Zeit Welt,https://newsfeed.zeit.de/wirtschaft/index,needs verification,N/A,
DE,Germany,19,Financial Times Germany,https://www.ft.com/rss/home,needs verification,N/A,
DE,Germany,20,Süddeutsche - Top-Themen,https://rss.sueddeutsche.de/rss/Topthemen,needs verification,N/A,
DE,Germany,21,Süddeutsche - Alles,https://rss.sueddeutsche.de/rss/Alles,needs verification,N/A,
DE,Germany,22,Süddeutsche - Eilmeldungen,https://rss.sueddeutsche.de/rss/Eilmeldungen,needs verification,N/A,
DE,Germany,23,Süddeutsche - Politik,https://rss.sueddeutsche.de/rss/Politik,needs verification,N/A,
DE,Germany,24,Süddeutsche - Wirtschaft,https://rss.sueddeutsche.de/rss/Wirtschaft,needs verification,N/A,
DE,Germany,25,Süddeutsche - Panorama,https://rss.sueddeutsche.de/rss/Panorama,needs verification,N/A,
DE,Germany,27,Süddeutsche - Sport,https://rss.sueddeutsche.de/rss/Sport,needs verification,N/A,
DE,Germany,28,Süddeutsche - München,https://rss.sueddeutsche.de/rss/Muenchen,needs verification,N/A,
DE,Germany,29,Süddeutsche - Bayern,https://rss.sueddeutsche.de/rss/Bayern,needs verification,N/A,
DE,Germany,30,Süddeutsche - Kultur,https://rss.sueddeutsche.de/rss/Kultur,needs verification,N/A,
DE,Germany,31,Süddeutsche - Medien,https://rss.sueddeutsche.de/rss/Medien,needs verification,N/A,
DE,Germany,32,Süddeutsche - Wissen,https://rss.sueddeutsche.de/rss/Wissen,needs verification,N/A,
DE,Germany,33,Süddeutsche - Gesundheit,https://rss.sueddeutsche.de/rss/Gesundheit,needs verification,N/A,
DE,Germany,34,Süddeutsche - Karriere,https://rss.sueddeutsche.de/rss/Karriere,needs verification,N/A,
DE,Germany,35,Süddeutsche - Bildung,https://rss.sueddeutsche.de/rss/Bildung,needs verification,N/A,
DE,Germany,36,Süddeutsche - Reise,https://rss.sueddeutsche.de/rss/Reise,needs verification,N/A,
DE,Germany,37,Süddeutsche - Auto,https://rss.sueddeutsche.de/rss/Auto,needs verification,N/A,
DE,Germany,38,Süddeutsche - Stil,https://rss.sueddeutsche.de/rss/Stil,needs verification,N/A,
DE,Germany,39,Deutschlandfunk - Nachrichten,https://www.deutschlandfunk.de/nachrichten-100.rss,needs verification,N/A,
DE,Germany,40,Deutschlandfunk - Politikportal,https://www.deutschlandfunk.de/politikportal-100.rss,needs verification,N/A,
DE,Germany,41,Deutschlandfunk - Wirtschaft,https://www.deutschlandfunk.de/wirtschaft-106.rss,needs verification,N/A,
DE,Germany,42,Deutschlandfunk - Wissen,https://www.deutschlandfunk.de/wissen-106.rss,needs verification,N/A,
DE,Germany,43,Deutschlandfunk - Kulturportal,https://www.deutschlandfunk.de/kulturportal-100.rss,needs verification,N/A,
DE,Germany,44,Deutschlandfunk - Europa,https://www.deutschlandfunk.de/europa-112.rss,needs verification,N/A,
DE,Germany,45,Deutschlandfunk - Gesellschaft,https://www.deutschlandfunk.de/gesellschaft-106.rss,needs verification,N/A,
DE,Germany,46,Deutschlandfunk - Sportportal,https://www.deutschlandfunk.de/sportportal-100.rss,needs verification,N/A,
DE,Germany,47,taz.de (gesamt),https://taz.de/!a=;rss/,needs verification,N/A,
DE,Germany,48,Tagesschau,https://www.tagesschau.de/xml/rss2/,needs verification,N/A,
IN,India,1,The Times of India (Top Stories),https://timesofindia.indiatimes.com/rssfeedstopstories.cms,needs verification,N/A,
IN,India,2,NDTV (Latest),https://feeds.feedburner.com/NDTV-LatestNews,needs verification,N/A,
IN,India,3,India Today (India),https://www.indiatoday.in/rss/1206578,needs verification,N/A,
IN,India,4,The Indian Express,https://indianexpress.com/feed,needs verification,N/A,
IN,India,5,The Hindu (National),https://www.thehindu.com/news/national/?service=rss,needs verification,N/A,
IN,India,6,Firstpost,https://www.firstpost.com/commonfeeds/v1/mfp/rss/web-stories.xml,needs verification,N/A,
IN,India,8,DNA India (India),https://www.dnaindia.com/feeds/india.xml,needs verification,N/A,
IN,India,9,Storify News,https://www.storifynews.com/feed,needs verification,N/A,
IN,India,10,Amar Ujala (Breaking),https://www.amarujala.com/rss/breaking-news.xml,needs verification,N/A,
IN,India,11,Odishabarta,https://odishabarta.com/feed,needs verification,N/A,
IN,India,12,The Times of Bengal,https://thetimesofbengal.com/feed,needs verification,N/A,
IN,India,13,Scroll.in,https://feeds.feedburner.com/ScrollinArticles.rss,needs verification,N/A,
IN,India,14,Northlines,https://thenorthlines.com/feed,needs verification,N/A,
IN,India,15,Chandigarh Metro,https://chandigarhmetro.com/feed,needs verification,N/A,
IN,India,16,Chandigarh City News,https://feeds.feedburner.com/ChandigarhCityNews,needs verification,N/A,
IN,India,17,The Quint,https://prod-qt-images.s3.amazonaws.com/production/thequint/feed.xml,needs verification,N/A,
IN,India,18,Telangana Today,https://telanganatoday.com/feed,needs verification,N/A,
IN,India,20,News Today (TN),https://newstodaynet.com/feed,needs verification,N/A,
IN,India,21,IndiaVision,https://www.indiavision.com/feed,needs verification,N/A,
IN,India,22,OpIndia,https://www.opindia.com/feed,needs verification,N/A,
IN,India,23,OrissaPOST,https://www.orissapost.com/feed,needs verification,N/A,
IN,India,24,India's News.Net,https://feeds.indiasnews.net/rss/701ee96610c884a6,needs verification,N/A,
IN,India,25,TechGenYZ,https://techgenyz.com/feed,needs verification,N/A,
IN,India,27,WYM News (Blogspot),https://latestnewsupdate4you.blogspot.com/feeds/posts/default,needs verification,N/A,
IN,India,28,Star of Mysore,https://starofmysore.com/feed,needs verification,N/A,
IN,India,29,ABP News,https://news.abplive.com/home/feed,needs verification,N/A,
IN,India,30,The India Bizz,https://theindiabizz.com/feed,needs verification,N/A,
GB,United Kingdom,1,Financial Times - World,https://www.ft.com/rss/world,invalid,N/A,
GB,United Kingdom,2,Financial Times - Energy,https://www.ft.com/rss/companies/energy,invalid,N/A,
GB,United Kingdom,3,BBC News - Business,https://feeds.bbci.co.uk/news/business/rss.xml,invalid,N/A,
GB,United Kingdom,4,BBC News - World,https://feeds.bbci.co.uk/news/world/rss.xml,invalid,N/A,
GB,United Kingdom,5,The Guardian - World,https://www.theguardian.com/world/rss,invalid,N/A,
GB,United Kingdom,6,The Guardian - Business,https://www.theguardian.com/business/rss,invalid,N/A,
GB,United Kingdom,7,Sky News - World,https://feeds.skynews.com/feeds/rss/world.xml,invalid,N/A,
GB,United Kingdom,8,Sky News - Business,https://feeds.skynews.com/feeds/rss/business.xml,invalid,N/A,
GB,United Kingdom,9,Telegraph - Business,https://www.telegraph.co.uk/business/rss.xml,invalid,N/A,
GB,United Kingdom,10,City A.M. (London Finance),https://www.cityam.com/feed/,invalid,N/A,
GB,United Kingdom,13,The Independent,https://www.independent.co.uk/rss,needs verification,N/A,
GB,United Kingdom,14,Financial Times UK,https://www.ft.com/?format=rss,needs verification,N/A,
GB,United Kingdom,17,The Telegraph UK,https://www.telegraph.co.uk/rss.xml,needs verification,N/A,
GB,United Kingdom,19,Daily Mail,https://www.dailymail.co.uk/home/index.rss,needs verification,N/A,
GB,United Kingdom,21,Metro UK,https://metro.co.uk/feed/,needs verification,N/A,
GB,United Kingdom,22,The Sun,https://www.thesun.co.uk/feed/,needs verification,N/A,
GB,United Kingdom,23,The Guardian UK,https://www.theguardian.com/uk/rss,needs verification,N/A,
GB,United Kingdom,24,Sky News,https://feeds.skynews.com/feeds/rss/uk.xml,needs verification,N/A,
GB,United Kingdom,25,Financial Times,https://www.ft.com/rss/home,needs verification,N/A,
GB,United Kingdom,27,iNews,https://inews.co.uk/rss,needs verification,N/A,
GB,United Kingdom,28,BBC Culture,https://feeds.bbci.co.uk/news/entertainment_and_arts/rss.xml,needs verification,N/A,
GB,United Kingdom,29,The Evening Standard,https://www.standard.co.uk/rss,needs verification,N/A,
FR,France,1,France 24,https://www.france24.com/en/rss,needs verification,N/A,
FR,France,2,The Local (France),https://feeds.thelocal.com/rss/fr,needs verification,N/A,
FR,France,3,RFI (France),https://www.rfi.fr/en/france/rss,needs verification,N/A,
FR,France,4,RFI (All / EN),https://www.rfi.fr/en/rss,needs verification,N/A,
FR,France,5,Mediapart,https://www.mediapart.fr/articles/feed,needs verification,N/A,
FR,France,6,Le Monde diplomatique,https://mondediplo.com/backend,needs verification,N/A,
FR,France,8,Sud Ouest,https://www.sudouest.fr/essentiel/rss.xml,needs verification,N/A,
FR,France,9,L'Est Républicain,https://www.estrepublicain.fr/rss,needs verification,N/A,
FR,France,10,France Soir,https://www.francesoir.fr/rss.xml,needs verification,N/A,
FR,France,11,Dernières Nouvelles d'Alsace (DNA),https://www.dna.fr/rss,needs verification,N/A,
FR,France,12,La Croix,https://www.la-croix.com/feeds/rss/site.xml,needs verification,N/A,
FR,France,14,La Dépêche,https://www.ladepeche.fr/rss.xml,needs verification,N/A,
FR,France,15,20 Minutes,https://www.20minutes.fr/feeds/rss-une.xml,needs verification,N/A,
FR,France,17,Yahoo Actualités,https://fr.news.yahoo.com/rss,needs verification,N/A,
FR,France,18,InfoMigrants (EN),https://www.infomigrants.net/en/rss/all.xml,needs verification,N/A,
FR,France,19,France Today,https://www.francetoday.com/feed,needs verification,N/A,
FR,France,20,FrenchDailyNews,https://frenchdailynews.com/feed,needs verification,N/A,
FR,France,21,Le Monde (EN – Main),https://www.lemonde.fr/en/rss/une.xml,needs verification,N/A,
FR,France,22,Le Monde (EN – International),https://www.lemonde.fr/en/international/rss_full.xml,needs verification,N/A,
FR,France,23,Le Monde (EN – Editorials),https://www.lemonde.fr/en/editorials/rss_full.xml,needs verification,N/A,
FR,France,24,Le Monde (EN – Europe),https://www.lemonde.fr/en/europe/rss_full.xml,needs verification,N/A,
FR,France,25,Le Monde (EN – United States),https://www.lemonde.fr/en/united-states/rss_full.xml,needs verification,N/A,
FR,France,26,Le Monde (EN – Economy),https://www.lemonde.fr/en/economy/rss_full.xml,needs verification,N/A,
FR,France,27,Le Monde (EN – Culture),https://www.lemonde.fr/en/culture/rss_full.xml,needs verification,N/A,
FR,France,28,Le Monde (EN – Sports),https://www.lemonde.fr/en/sports/rss_full.xml,needs verification,N/A,
FR,France,29,Le Monde (EN – Environment),https://www.lemonde.fr/en/environment/rss_full.xml,needs verification,N/A,
FR,France,30,Le Monde (EN – Science),https://www.lemonde.fr/en/science/rss_full.xml,needs verification,N/A,
IT,Italy,1,ANSA (Main),https://www.ansa.it/sito/ansait_rss.xml,needs verification,N/A,
IT,Italy,2,ANSA (Top News),https://www.ansa.it/sito/notizie/topnews/topnews_rss.xml,needs verification,N/A,
IT,Italy,3,ANSA (Cronaca),https://www.ansa.it/sito/notizie/cronaca/cronaca_rss.xml,needs verification,N/A,
IT,Italy,4,ANSA (Politica),https://www.ansa.it/sito/notizie/politica/politica_rss.xml,needs verification,N/A,
IT,Italy,5,ANSA (Mondo),https://www.ansa.it/sito/notizie/mondo/mondo_rss.xml,needs verification,N/A,
IT,Italy,6,ANSA (Economia),https://www.ansa.it/sito/notizie/economia/economia_rss.xml,needs verification,N/A,
IT,Italy,7,ANSA (Calcio),https://www.ansa.it/sito/notizie/sport/calcio/calcio_rss.xml,needs verification,N/A,
IT,Italy,8,ANSA (Sport),https://www.ansa.it/sito/notizie/sport/sport_rss.xml,needs verification,N/A,
IT,Italy,9,ANSA (Cinema),https://www.ansa.it/sito/notizie/cultura/cinema/cinema_rss.xml,needs verification,N/A,
IT,Italy,10,ANSA (Cultura e Tendenze),https://www.ansa.it/sito/notizie/cultura/cultura_rss.xml,needs verification,N/A,
IT,Italy,11,ANSA (Foto),https://www.ansa.it/sito/photogallery/foto_rss.xml,needs verification,N/A,
IT,Italy,12,ANSA (Video),https://www.ansa.it/sito/videogallery/video_rss.xml,needs verification,N/A,
IT,Italy,13,Corriere della Sera (Homepage),https://www.corriere.it/rss/homepage.xml,needs verification,N/A,
IT,Italy,14,Corriere della Sera (Ultimora),https://www.corriere.it/rss/ultimora.xml,needs verification,N/A,
IT,Italy,15,Corriere della Sera (feed-hp Homepage),https://www.corriere.it/feed-hp/homepage.xml,needs verification,N/A,
IT,Italy,16,la Repubblica,https://www.repubblica.it/rss/homepage/rss2.0.xml,needs verification,N/A,
IT,Italy,17,La Stampa,https://www.lastampa.it/rss/copertina.xml,needs verification,N/A,
IT,Italy,18,Il Sole 24 Ore (Italia),https://www.ilsole24ore.com/rss/italia.xml,needs verification,N/A,
IT,Italy,19,Il Fatto Quotidiano,https://www.ilfattoquotidiano.it/feed/,needs verification,N/A,
IT,Italy,20,La Gazzetta dello Sport,https://www.gazzetta.it/rss/home.xml,needs verification,N/A,
IT,Italy,21,IL Tempo,https://www.iltempo.it/rss.xml,needs verification,N/A,
IT,Italy,22,Libero Quotidiano,https://www.liberoquotidiano.it/rss.xml,needs verification,N/A,
IT,Italy,23,MilanoToday,https://www.milanotoday.it/rss,needs verification,N/A,
IT,Italy,24,The Florentine,https://www.theflorentine.net/feed,needs verification,N/A,
IT,Italy,25,Wanted in Rome,https://www.wantedinrome.com/news?format=rss,needs verification,N/A,
IT,Italy,26,Florence Daily News,https://florencedailynews.com/feed,needs verification,N/A,
IT,Italy,27,Alto Adige (Cronaca),https://www.altoadige.it/feed-rss/cronaca-1.169,needs verification,N/A,
IT,Italy,28,Italia a Tavola,https://rss.italiaatavola.net/feed.xml,needs verification,N/A,
IT,Italy,29,la Città di Salerno,https://www.lacittadisalerno.it/feed,needs verification,N/A,
IT,Italy,30,Notizie Geopolitiche,https://www.notiziegeopolitiche.net/feed,needs verification,N/A,
CA,Canada,1,Global News,https://globalnews.ca/feed,needs verification,N/A,
CA,Canada,2,rabble.ca,https://rabble.ca/feed,needs verification,N/A,
CA,Canada,3,National Post,https://nationalpost.com/feed,needs verification,N/A,
CA,Canada,4,Toronto Sun,https://torontosun.com/feed,needs verification,N/A,
CA,Canada,5,Financial Post,https://feeds.feedburner.com/FP_TopStories,needs verification,N/A,
CA,Canada,6,CityNews Toronto,https://toronto.citynews.ca/feed,needs verification,N/A,
CA,Canada,7,Calgary Herald,https://calgaryherald.com/feed,needs verification,N/A,
CA,Canada,8,Edmonton Journal,https://edmontonjournal.com/feed,needs verification,N/A,
CA,Canada,9,Windsor Star,https://windsorstar.com/feed,needs verification,N/A,
CA,Canada,10,The Province,https://theprovince.com/feed,needs verification,N/A,
CA,Canada,11,Calgary Sun,https://calgarysun.com/feed,needs verification,N/A,
CA,Canada,12,Ottawa Sun,https://ottawasun.com/feed,needs verification,N/A,
CA,Canada,13,The Tyee,https://thetyee.ca/rss2.xml,needs verification,N/A,
CA,Canada,14,The StarPhoenix,https://thestarphoenix.com/feed,needs verification,N/A,
CA,Canada,15,Edmonton Sun,https://edmontonsun.com/feed,needs verification,N/A,
CA,Canada,16,Canada.com,https://o.canada.com/feed,needs verification,N/A,
CA,Canada,18,Business In Vancouver (BIV),https://biv.com/rss,needs verification,N/A,
CA,Canada,19,Regina Leader Post,https://leaderpost.com/feed,needs verification,N/A,
CA,Canada,20,Owen Sound Sun Times,https://owensoundsuntimes.com/feed,needs verification,N/A,
CA,Canada,22,Stratford Beacon Herald,https://stratfordbeaconherald.com/feed,needs verification,N/A,
CA,Canada,23,The Georgia Straight,https://straight.com/content/rss,needs verification,N/A,
CA,Canada,24,Grande Prairie Daily Herald Tribune,https://dailyheraldtribune.com/feed,needs verification,N/A,
CA,Canada,25,YGK News (Kingston),https://ygknews.ca/feed,needs verification,N/A,
CA,Canada,26,Prince Albert Daily Herald,https://paherald.sk.ca/feed,needs verification,N/A,
CA,Canada,27,Sunny South News,https://sunnysouthnews.com/feed,needs verification,N/A,
CA,Canada,28,The Afro News,https://theafronews.com/feed,needs verification,N/A,
CA,Canada,51,CTV News - Top Stories,https://www.ctvnews.ca/rss/ctvnews-ca-top-stories-public-rss-1.822009,needs verification,N/A,
CA,Canada,52,CTV News - Business,https://www.ctvnews.ca/rss/business/ctvnews-ca-business-public-rss-1.822283,needs verification,N/A,
CA,Canada,53,Global News - Politics,https://globalnews.ca/politics/feed/,needs verification,N/A,
CA,Canada,54,Toronto Star - Politics,https://www.thestar.com/search/?f=rss&t=article&c=politics&l=50&s=start_time&sd=desc,needs verification,N/A,
CA,Canada,55,BNN Bloomberg (Canada Biz),https://www.bnnbloomberg.ca/business/rss,needs verification,N/A,
CA,Canada,56,CBC News - Business,https://www.cbc.ca/cmlink/rss-business,needs verification,N/A,
CA,Canada,57,CBC News - World,https://www.cbc.ca/cmlink/rss-world,needs verification,N/A,
CA,Canada,58,Financial Post (Economy),https://financialpost.com/feed,needs verification,N/A,
RU,Russia,1,RT,https://rt.com/feed,needs verification,N/A,
RU,Russia,2,The Bell,https://thebell.io/feed,needs verification,N/A,
RU,Russia,3,Interfax,https://www.interfax.ru/rss.asp,needs verification,N/A,
RU,Russia,4,RT Economy,https://www.rt.com/rss/business,needs verification,N/A,
RU,Russia,5,The Bell,https://thebell.io/feed/,needs verification,N/A,
RU,Russia,6,Lenta,https://lenta.ru/rss/news,needs verification,N/A,
RU,Russia,7,TASS Finance,https://tass.com/rss/v2.xml,needs verification,N/A,
RU,Russia,8,RT News,https://www.rt.com/rss/,needs verification,N/A,
RU,Russia,9,Kommersant (Главное),https://www.kommersant.ru/RSS/main.xml,needs verification,N/A,
RU,Russia,10,The Moscow Times,https://www.themoscowtimes.com/rss/news,needs verification,N/A,
RU,Russia,11,PravdaReport,https://www.pravdareport.com/export.xml,needs verification,N/A,
RU,Russia,12,Meduza (all),https://meduza.io/rss2/all,needs verification,N/A,
RU,Russia,13,Habr (all),https://habr.com/ru/rss/all/all/?fl=ru,needs verification,N/A,
KR,South Korea,1,Yonhap (EN),https://en.yna.co.kr/RSS/news.xml,needs verification,N/A,
KR,South Korea,2,Donga Ilbo,https://rss.donga.com/total.xml,needs verification,N/A,
KR,South Korea,3,Seoul Newspaper,https://www.seoul.co.kr/xml/rss/rss_top.xml,needs verification,N/A,
KR,South Korea,4,Newsis,https://www.newsis.com/RSS/sokbo.xml,needs verification,N/A,
KR,South Korea,5,Aju News,https://rss.ajunews.com/sokbo.xml,needs verification,N/A,
KR,South Korea,6,KED Global (Korea Economic Daily),https://www.kedglobal.com/newsRss,needs verification,N/A,
KR,South Korea,7,Daily NK (EN),https://www.dailynk.com/english/feed,needs verification,N/A,
KR,South Korea,8,Korea Times (RSS directory),https://feed.koreatimes.co.kr/k/allnews.xml,needs verification,N/A,
KR,South Korea,9,Korea Herald (RSS directory),https://www.koreaherald.com/rss/newsAll,needs verification,N/A,
KR,South Korea,10,KBS World Radio (RSS directory),http://world.kbs.co.kr/rss/rss_news.htm?lang=e,needs verification,N/A,
KR,South Korea,11,한국경제 - 전체뉴스,https://www.hankyung.com/feed/all-news,needs verification,N/A,
KR,South Korea,12,한국경제 - 증권,https://www.hankyung.com/feed/finance,needs verification,N/A,
KR,South Korea,13,한국경제 - 경제,https://www.hankyung.com/feed/economy,needs verification,N/A,
KR,South Korea,14,한국경제 - 부동산,https://www.hankyung.com/feed/realestate,needs verification,N/A,
KR,South Korea,15,한국경제 - IT,https://www.hankyung.com/feed/it,needs verification,N/A,
KR,South Korea,16,한국경제 - 정치,https://www.hankyung.com/feed/politics,needs verification,N/A,
KR,South Korea,17,한국경제 - 국제,https://www.hankyung.com/feed/international,needs verification,N/A,
KR,South Korea,18,매일경제 - 뉴스 헤드라인,https://www.mk.co.kr/rss/30000001/,needs verification,N/A,
KR,South Korea,19,매일경제 - 뉴스 전체뉴스,https://www.mk.co.kr/rss/40300001/,needs verification,N/A,
KR,South Korea,20,매일경제 - 뉴스 경제,https://www.mk.co.kr/rss/30100041/,needs verification,N/A,
KR,South Korea,21,매일경제 - 뉴스 정치,https://www.mk.co.kr/rss/30200030/,needs verification,N/A,
KR,South Korea,22,매일경제 - 뉴스 사회,https://www.mk.co.kr/rss/50400012/,needs verification,N/A,
KR,South Korea,23,SBS - 정치,https://news.sbs.co.kr/news/SectionRssFeed.do?sectionId=01&plink=RSSREADER,needs verification,N/A,
KR,South Korea,24,SBS - 경제,https://news.sbs.co.kr/news/SectionRssFeed.do?sectionId=02&plink=RSSREADER,needs verification,N/A,
KR,South Korea,25,SBS - 사회,https://news.sbs.co.kr/news/SectionRssFeed.do?sectionId=03&plink=RSSREADER,needs verification,N/A,
KR,South Korea,26,SBS - 생활/문화,https://news.sbs.co.kr/news/SectionRssFeed.do?sectionId=07&plink=RSSREADER,needs verification,N/A,
KR,South Korea,27,SBS - 국제/글로벌,https://news.sbs.co.kr/news/SectionRssFeed.do?sectionId=08&plink=RSSREADER,needs verification,N/A,
KR,South Korea,28,SBS - 연예/방송,https://news.sbs.co.kr/news/SectionRssFeed.do?sectionId=14&plink=RSSREADER,needs verification,N/A,
KR,South Korea,29,SBS - 스포츠,https://news.sbs.co.kr/news/SectionRssFeed.do?sectionId=09&plink=RSSREADER,needs verification,N/A,
KR,South Korea,30,한겨레 - 국제,https://www.hani.co.kr/rss/international/,needs verification,N/A,
KR,South Korea,31,한겨레 - 문화,https://www.hani.co.kr/rss/culture/,needs verification,N/A,
KR,South Korea,32,한겨레 - 스포츠,https://www.hani.co.kr/rss/sports/,needs verification,N/A,
KR,South Korea,33,한겨레:온 - 섹션1,https://www.hanion.co.kr/rss/S1N1.xml,needs verification,N/A,
KR,South Korea,34,한겨레:온 - 섹션2,https://www.hanion.co.kr/rss/S1N2.xml,needs verification,N/A,
KR,South Korea,35,한겨레:온 - 섹션3,https://www.hanion.co.kr/rss/S1N3.xml,needs verification,N/A,
KR,South Korea,36,경향신문 - 전체,https://www.khan.co.kr/rss/rssdata/total_news.xml,needs verification,N/A,
KR,South Korea,41,MBC 주요뉴스,https://imnews.imbc.com/rss/google_news/narrativeNews.rss,needs verification,N/A,
KR,South Korea,42,조선닷컴 (전체),https://www.chosun.com/arc/outboundfeeds/rss/?outputType=xml,needs verification,N/A,
BR,Brazil,1,G1 (Globo - Economy),https://g1.globo.com/rss/g1/economia/,invalid,N/A,
BR,Brazil,2,G1 (Globo - Tech),https://g1.globo.com/rss/g1/tecnologia/,invalid,N/A,
BR,Brazil,3,Folha de S.Paulo - Top,https://feeds.folha.uol.com.br/emcimadahora/rss091.xml,invalid,N/A,
BR,Brazil,4,Folha de S.Paulo - Market,https://feeds.folha.uol.com.br/mercado/rss091.xml,invalid,N/A,
BR,Brazil,5,Correio Braziliense,https://www.correiobraziliense.com.br/rss/noticia/economia/rss.xml,invalid,N/A,
BR,Brazil,6,InfoMoney,https://www.infomoney.com.br/feed/,invalid,N/A,
BR,Brazil,7,Canaltech,https://canaltech.com.br/rss/,invalid,N/A,
BR,Brazil,8,Forbes Brazil,https://forbes.com.br/feed/,invalid,N/A,
BR,Brazil,10,Estado de Minas,https://www.em.com.br/feed/,needs verification,N/A,
BR,Brazil,11,Veja,https://veja.abril.com.br/feed/,needs verification,N/A,
BR,Brazil,12,Folha - Poder (정치),https://feeds.folha.uol.com.br/poder/rss091.xml,needs verification,N/A,
BR,Brazil,13,Folha - Mundo,https://feeds.folha.uol.com.br/mundo/rss091.xml,needs verification,N/A,
BR,Brazil,14,Folha - Cotidiano,https://feeds.folha.uol.com.br/cotidiano/rss091.xml,needs verification,N/A,
BR,Brazil,15,Folha - Esporte,https://feeds.folha.uol.com.br/esporte/rss091.xml,needs verification,N/A,
BR,Brazil,16,Folha - Ilustrada (문화),https://feeds.folha.uol.com.br/ilustrada/rss091.xml,needs verification,N/A,
BR,Brazil,17,Agência Pública,https://apublica.org/feed/,needs verification,N/A,
BR,Brazil,18,Nexo Jornal,https://www.nexojornal.com.br/rss.xml,needs verification,N/A,
BR,Brazil,19,Jornal GGN,https://jornalggn.com.br/feed/,needs verification,N/A,
BR,Brazil,22,Jacobin Brasil,https://jacobin.com.br/feed,needs verification,N/A,
BR,Brazil,23,CartaCapital,https://www.cartacapital.com.br/feed,needs verification,N/A,
AU,Australia,1,ABC News - Business,https://www.abc.net.au/news/feed/51892/rss.xml,invalid,N/A,
AU,Australia,2,ABC News - World,https://www.abc.net.au/news/feed/104217382/rss.xml,needs verification,N/A,
AU,Australia,3,ABC News - Top Stories,https://www.abc.net.au/news/feed/10719986/rss.xml,needs verification,N/A,
AU,Australia,4,Sydney Morning Herald - Business,https://www.smh.com.au/rss/business.xml,invalid,N/A,
AU,Australia,5,The Age - Business,https://www.theage.com.au/rss/business.xml,invalid,N/A,
AU,Australia,7,The Australian - Business,https://www.theaustralian.com.au/business/rss,invalid,N/A,
AU,Australia,8,The Guardian Australia,https://www.theguardian.com/au/rss,needs verification,N/A,
AU,Australia,9,ABC News (Top),https://www.abc.net.au/news/feed/1106/rss.xml,needs verification,N/A,
AU,Australia,11,Australian Broadcasting Corporation - World,https://www.abc.net.au/news/feed/51892/rss.xml?edition=world,needs verification,N/A,
AU,Australia,12,The Guardian Australia,https://www.theguardian.com/australia-news/rss,needs verification,N/A,
AU,Australia,15,SBS World News,https://www.sbs.com.au/news/topic/latest/feed,needs verification,N/A,
AU,Australia,16,SBS News (Breaking),https://www.sbs.com.au/news/feed,needs verification,N/A,
AU,Australia,17,9News,https://www.9news.com.au/rss,needs verification,N/A,
AU,Australia,18,Sydney Morning Herald,https://www.smh.com.au/rss/feed.xml,needs verification,N/A,
AU,Australia,19,The Age,https://www.theage.com.au/rss/feed.xml,needs verification,N/A,
AU,Australia,21,Canberra Times,https://www.canberratimes.com.au/rss.xml,needs verification,N/A,
AU,Australia,27,PerthNow,https://www.perthnow.com.au/news/feed,needs verification,N/A,
AU,Australia,29,The Australian,https://www.theaustralian.com.au/business/markets/rss,needs verification,N/A,
AU,Australia,31,7news,https://7news.com.au/feed,needs verification,N/A,
AU,Australia,32,RenewEconomy (호주 신재생/전력망 1위),https://reneweconomy.com.au/feed/,needs verification,N/A,
AU,Australia,33,Australian Mining (광물/리튬),https://www.australianmining.com.au/feed/,needs verification,N/A,
AU,Australia,34,MacroBusiness (매크로/부동산 심층분석),https://www.macrobusiness.com.au/feed/,needs verification,N/A,
AU,Australia,35,SmartCompany (스타트업/비즈니스),https://www.smartcompany.com.au/feed/,needs verification,N/A,
AU,Australia,36,Startup Daily (테크),https://www.startupdaily.net/feed/,needs verification,N/A,
AU,Australia,37,The Conversation AU (오피니언/정책),https://theconversation.com/au/rss,needs verification,N/A,
ES,Spain,1,Expansión (Financial),https://e00-expansion.uecdn.es/rss/empresas.xml,invalid,N/A,
ES,Spain,2,Cinco Días (Economy),https://cincodias.elpais.com/arc/outboundfeeds/rss/?outputType=xml,invalid,N/A,
ES,Spain,3,El País - Economy,https://feeds.elpais.com/mrss-s/pages/ep/site/elpais.com/section/economia/portada,invalid,N/A,
ES,Spain,4,El Mundo - Economy,https://e00-elmundo.uecdn.es/elmundo/rss/economia.xml,invalid,N/A,
ES,Spain,7,El Confidencial,https://rss.elconfidencial.com/espana/,needs verification,N/A,
ES,Spain,11,El Periodico,https://www.elperiodico.com/es/rss/rss_portada.xml,needs verification,N/A,
ES,Spain,12,20 Minutos,https://www.20minutos.es/rss/,needs verification,N/A,
ES,Spain,14,El Diario,https://www.eldiario.es/rss/,needs verification,N/A,
ES,Spain,16,eldiario,https://www.eldiario.es/rss/,needs verification,N/A,
ES,Spain,19,Marca,https://www.marca.com/rss/,needs verification,N/A,
ES,Spain,25,El Pais,https://feeds.elpais.com/mrss-s/pages/ep/site/elpais.com/portada,needs verification,N/A,
ES,Spain,26,EL PAÍS - Últimas,https://feeds.elpais.com/mrss-s/pages/ep/site/elpais.com/section/ultimas-noticias/portada,needs verification,N/A,
ES,Spain,27,EL PAÍS - Internacional,https://feeds.elpais.com/mrss-s/pages/ep/site/elpais.com/section/internacional/portada,needs verification,N/A,
ES,Spain,28,EL PAÍS - Opinión,https://feeds.elpais.com/mrss-s/pages/ep/site/elpais.com/section/opinion/portada,needs verification,N/A,
ES,Spain,29,EL PAÍS - España,https://feeds.elpais.com/mrss-s/pages/ep/site/elpais.com/section/espana/portada,needs verification,N/A,
ES,Spain,30,EL PAÍS - Sociedad,https://feeds.elpais.com/mrss-s/pages/ep/site/elpais.com/section/sociedad/portada,needs verification,N/A,
ES,Spain,31,EL PAÍS - Ciencia,https://feeds.elpais.com/mrss-s/pages/ep/site/elpais.com/section/ciencia/portada,needs verification,N/A,
ES,Spain,32,EL PAÍS - Tecnología,https://feeds.elpais.com/mrss-s/pages/ep/site/elpais.com/section/tecnologia/portada,needs verification,N/A,
ES,Spain,33,EL PAÍS - Cultura,https://feeds.elpais.com/mrss-s/pages/ep/site/elpais.com/section/cultura/portada,needs verification,N/A,
ES,Spain,34,EL PAÍS - Deportes,https://feeds.elpais.com/mrss-s/pages/ep/site/elpais.com/section/deportes/portada,needs verification,N/A,
ES,Spain,35,EL PAÍS - Gente,https://feeds.elpais.com/mrss-s/pages/ep/site/elpais.com/section/gente/portada,needs verification,N/A,
ES,Spain,36,EL PAÍS - Clima y medio ambiente,https://feeds.elpais.com/mrss-s/pages/ep/site/elpais.com/section/clima-y-medio-ambiente/portada,needs verification,N/A,
ES,Spain,37,La Vanguardia - Portada,https://www.lavanguardia.com/rss/home.xml,needs verification,N/A,
ES,Spain,38,La Vanguardia - Internacional,https://www.lavanguardia.com/rss/internacional.xml,needs verification,N/A,
ES,Spain,39,La Vanguardia - Política,https://www.lavanguardia.com/rss/politica.xml,needs verification,N/A,
ES,Spain,40,La Vanguardia - Opinión,https://www.lavanguardia.com/rss/opinion.xml,needs verification,N/A,
ES,Spain,41,La Vanguardia - Sociedad,https://www.lavanguardia.com/rss/sociedad.xml,needs verification,N/A,
ES,Spain,42,La Vanguardia - Deportes,https://www.lavanguardia.com/rss/deportes.xml,needs verification,N/A,
ES,Spain,43,El Mundo - Portada,https://e00-elmundo.uecdn.es/rss/portada.xml,needs verification,N/A,
ES,Spain,44,The Local Spain (EN),https://feeds.thelocal.com/rss/es,needs verification,N/A,
ES,Spain,45,El Economista - Portada (스페인 금융 1위),https://www.eleconomista.es/rss/rss-portada.php,needs verification,N/A,
ES,Spain,46,El Economista - Mercados (주식/마켓),https://www.eleconomista.es/rss/rss-mercados.php,needs verification,N/A,
ES,Spain,47,ABC.es - Economía (보수 3대장),https://www.abc.es/rss/feeds/abc_economia.xml,needs verification,N/A,
ES,Spain,48,Vozpópuli (경제/정치 탐사),https://www.vozpopuli.com/rss,needs verification,N/A,
ES,Spain,49,El Periódico de la Energía (에너지/전력망 특화),https://elperiodicodelaenergia.com/feed/,needs verification,N/A,
ES,Spain,50,Xataka (스페인어권 최대 테크 매체),https://www.xataka.com/feed,needs verification,N/A,
ES,Spain,51,ABC.es,https://www.abc.es/rss/feeds/abc_ultima.xml,needs verification,N/A,
MX,Mexico,6,Proceso (Investigative),https://www.proceso.com.mx/rss/feed.html,invalid,N/A,
MX,Mexico,8,Expansion (Biz),https://expansion.mx/rss,invalid,N/A,
MX,Mexico,17,Contralínea,https://www.contralinea.com.mx/feed,needs verification,N/A,
MX,Mexico,18,El Financiero,https://www.elfinanciero.com.mx/rss/mundo,needs verification,N/A,
MX,Mexico,23,Proceso World,https://www.proceso.com.mx/rss/feed.html?output=xml,needs verification,N/A,
MX,Mexico,30,El Financiero,https://www.elfinanciero.com.mx/rss,needs verification,N/A,
MX,Mexico,61,ADN40 (TV Azteca - Economy),https://www.adn40.mx/economia/rss,needs verification,N/A,
MX,Mexico,62,ADN40 (TV Azteca - Mexico),https://www.adn40.mx/mexico/rss,needs verification,N/A,
MX,Mexico,63,El Financiero (Economía),https://www.elfinanciero.com.mx/rss/economia,needs verification,N/A,
MX,Mexico,64,El Financiero (Mercados),https://www.elfinanciero.com.mx/rss/mercados,needs verification,N/A,
MX,Mexico,65,La Jornada - Economía,https://www.jornada.com.mx/rss/economia.xml,needs verification,N/A,
MX,Mexico,7,Aristegui (Main),https://editorial.aristeguinoticias.com/feed/,needs verification,N/A,
MX,Mexico,8,Aristegui (México),https://editorial.aristeguinoticias.com/category/mexico/feed/,needs verification,N/A,
MX,Mexico,9,Aristegui (Dinero y Economía),https://editorial.aristeguinoticias.com/category/dinero-y-economia/feed/,needs verification,N/A,
MX,Mexico,10,Aristegui (Mundo),https://editorial.aristeguinoticias.com/category/mundo/feed/,needs verification,N/A,
MX,Mexico,11,Aristegui En Vivo - Entérate,https://editorial.aristeguinoticias.com/category/aristegui-en-vivo/enterate/feed,needs verification,N/A,
MX,Mexico,12,Aristegui En Vivo - Programas completos,https://editorial.aristeguinoticias.com/category/aristegui-en-vivo/programas-completos/feed,needs verification,N/A,
MX,Mexico,13,Aristegui En Vivo - Entrevistas completas,https://editorial.aristeguinoticias.com/category/aristegui-en-vivo/entrevistas-completos/feed,needs verification,N/A,
MX,Mexico,14,Aristegui En Vivo - Mesa política,https://editorial.aristeguinoticias.com/category/aristegui-en-vivo/mesa-politica-en-vivo/feed,needs verification,N/A,
MX,Mexico,15,Aristegui En Vivo - Investigaciones especiales,https://editorial.aristeguinoticias.com/category/aristegui-en-vivo/investigaciones-especiales/feed,needs verification,N/A,
MX,Mexico,16,Aristegui En Vivo - Enlaces en vivo,https://editorial.aristeguinoticias.com/category/aristegui-en-vivo/enlaces-en-vivo/feed,needs verification,N/A,
MX,Mexico,17,Aristegui En Vivo - Titulares del día,https://editorial.aristeguinoticias.com/category/aristegui-en-vivo/titulares-del-dia/feed,needs verification,N/A,
MX,Mexico,18,Aristegui En Vivo - Deportes,https://editorial.aristeguinoticias.com/category/aristegui-en-vivo/deportes-aristegui-en-vivo/feed,needs verification,N/A,
MX,Mexico,19,Aristegui En Vivo - Dinero y Economía,https://editorial.aristeguinoticias.com/category/aristegui-en-vivo/dinero-y-economia/feed,needs verification,N/A,
MX,Mexico,20,Aristegui En Vivo - Niñonautas,https://editorial.aristeguinoticias.com/category/aristegui-en-vivo/ninonautas/feed,needs verification,N/A,
MX,Mexico,21,Aristegui En Vivo - Las plumas de la serpiente,https://editorial.aristeguinoticias.com/category/aristegui-en-vivo/las-plumas-de-la-serpiente/feed,needs verification,N/A,
MX,Mexico,31,El Economista - Top Noticias (멕시코 경제 1위),https://www.eleconomista.com.mx/rss/top-noticias,needs verification,N/A,
MX,Mexico,32,El Economista - Empresas,https://www.eleconomista.com.mx/rss/empresas,needs verification,N/A,
MX,Mexico,33,El Universal - General (최대 일간지),https://www.eluniversal.com.mx/rss.xml,needs verification,N/A,
MX,Mexico,34,El Universal - Cartera (경제/지갑),https://www.eluniversal.com.mx/cartera/rss.xml,needs verification,N/A,
MX,Mexico,35,Milenio (전국지),https://www.milenio.com/rss,needs verification,N/A,
MX,Mexico,36,Excelsior (보수 유력지),https://www.excelsior.com.mx/rss.xml,needs verification,N/A,
MX,Mexico,37,Forbes México,https://www.forbes.com.mx/feed/,needs verification,N/A,
MX,Mexico,38,Energía a Debate (멕시코 에너지 전문),https://energiaadebate.com/feed/,needs verification,N/A,
ID,Indonesia,9,Republika,https://www.republika.co.id/rss,needs verification,N/A,
ID,Indonesia,14,Sindo News,https://www.sindonews.com/rss/home/,needs verification,N/A,
ID,Indonesia,15,Kapanlagi,https://www.kapanlagi.com/feed/,needs verification,N/A,
ID,Indonesia,18,Antara TV,https://www.antaranews.com/rss/terkini,needs verification,N/A,
ID,Indonesia,21,Sindonews,https://www.sindonews.com/rss/,needs verification,N/A,
ID,Indonesia,24,Republika,https://www.republika.co.id/rss/terkini,needs verification,N/A,
ID,Indonesia,25,ANTARA - Terkini,https://www.antaranews.com/rss/terkini.xml,needs verification,N/A,
ID,Indonesia,26,ANTARA - Top News,https://www.antaranews.com/rss/top-news.xml,needs verification,N/A,
ID,Indonesia,27,ANTARA - Politik,https://www.antaranews.com/rss/politik.xml,needs verification,N/A,
ID,Indonesia,28,ANTARA - Hukum,https://www.antaranews.com/rss/hukum.xml,needs verification,N/A,
ID,Indonesia,29,ANTARA - Ekonomi,https://www.antaranews.com/rss/ekonomi.xml,needs verification,N/A,
ID,Indonesia,30,ANTARA - Ekonomi (Finansial),https://www.antaranews.com/rss/ekonomi-finansial.xml,needs verification,N/A,
ID,Indonesia,31,ANTARA - Ekonomi (Bisnis),https://www.antaranews.com/rss/ekonomi-bisnis.xml,needs verification,N/A,
ID,Indonesia,32,ANTARA - Ekonomi (Bursa),https://www.antaranews.com/rss/ekonomi-bursa.xml,needs verification,N/A,
ID,Indonesia,33,ANTARA - Metro,https://www.antaranews.com/rss/metro.xml,needs verification,N/A,
ID,Indonesia,34,ANTARA - Metro (Kriminalitas),https://www.antaranews.com/rss/metro-kriminalitas.xml,needs verification,N/A,
ID,Indonesia,35,ANTARA - Metro (Lintas Kota),https://www.antaranews.com/rss/metro-lintas-kota.xml,needs verification,N/A,
ID,Indonesia,36,ANTARA - Metro (Lenggang Jakarta),https://www.antaranews.com/rss/metro-lenggang-jakarta.xml,needs verification,N/A,
ID,Indonesia,37,ANTARA - Sepakbola,https://www.antaranews.com/rss/sepakbola.xml,needs verification,N/A,
ID,Indonesia,38,ANTARA - Sepakbola (Liga Indonesia),https://www.antaranews.com/rss/sepakbola-liga-indonesia.xml,needs verification,N/A,
ID,Indonesia,39,ANTARA - Sepakbola (Internasional),https://www.antaranews.com/rss/sepakbola-internasional.xml,needs verification,N/A,
ID,Indonesia,40,ANTARA - Sepakbola (Liga Inggris),https://www.antaranews.com/rss/sepakbola-liga-inggris-premier.xml,needs verification,N/A,
ID,Indonesia,41,ANTARA - Sepakbola (Liga Spanyol),https://www.antaranews.com/rss/sepakbola-liga-spanyol.xml,needs verification,N/A,
ID,Indonesia,42,ANTARA - Sepakbola (Liga Italia),https://www.antaranews.com/rss/sepakbola-liga-italia-seri-a.xml,needs verification,N/A,
ID,Indonesia,43,ANTARA - Liga Champions,https://www.antaranews.com/rss/sepakbola-liga-champions.xml,needs verification,N/A,
ID,Indonesia,44,ANTARA - Olahraga,https://www.antaranews.com/rss/olahraga.xml,needs verification,N/A,
ID,Indonesia,45,ANTARA - Olahraga (Bulutangkis),https://www.antaranews.com/rss/olahraga-bulutangkis.xml,needs verification,N/A,
ID,Indonesia,46,ANTARA - Olahraga (Bola Basket),https://www.antaranews.com/rss/olahraga-bola-basket.xml,needs verification,N/A,
ID,Indonesia,47,ANTARA - Olahraga (Tenis),https://www.antaranews.com/rss/olahraga-tenis.xml,needs verification,N/A,
ID,Indonesia,48,ANTARA - Olahraga (Balap),https://www.antaranews.com/rss/olahraga-balap.xml,needs verification,N/A,
ID,Indonesia,49,ANTARA - Humaniora,https://www.antaranews.com/rss/humaniora.xml,needs verification,N/A,
ID,Indonesia,50,ANTARA - Lifestyle,https://www.antaranews.com/rss/lifestyle.xml,needs verification,N/A,
ID,Indonesia,51,ANTARA - Hiburan,https://www.antaranews.com/rss/hiburan.xml,needs verification,N/A,
ID,Indonesia,52,ANTARA - Dunia,https://www.antaranews.com/rss/dunia.xml,needs verification,N/A,
ID,Indonesia,53,ANTARA - Dunia (ASEAN),https://www.antaranews.com/rss/dunia-asean.xml,needs verification,N/A,
ID,Indonesia,54,ANTARA - Tekno,https://www.antaranews.com/rss/tekno.xml,needs verification,N/A,
ID,Indonesia,55,RM.ID - Semua berita,https://rm.id/rss-rakyat-merdeka,needs verification,N/A,
ID,Indonesia,56,RM.ID - Nasional,https://rm.id/rss-rakyat-merdeka/nasional,needs verification,N/A,
ID,Indonesia,57,RM.ID - Internasional,https://rm.id/rss-rakyat-merdeka/internasional,needs verification,N/A,
ID,Indonesia,58,RM.ID - Ekonomi Bisnis,https://rm.id/rss-rakyat-merdeka/ekonomi-bisnis,needs verification,N/A,
ID,Indonesia,59,RM.ID - Bank & Finance,https://rm.id/rss-rakyat-merdeka/bank-finance,needs verification,N/A,
ID,Indonesia,60,RM.ID - Indonesianomics,https://rm.id/rss-rakyat-merdeka/indonesianomics,needs verification,N/A,
NL,Netherlands,1,NOS,https://feeds.nos.nl/nosnieuwsalgemeen,needs verification,N/A,
NL,Netherlands,2,NRC,https://www.nrc.nl/rss,needs verification,N/A,
NL,Netherlands,3,AD,https://www.ad.nl/rss.xml,needs verification,N/A,
NL,Netherlands,4,Nu,https://www.nu.nl/rss/algemeen,needs verification,N/A,
NL,Netherlands,12,NPO Radio 1,https://www.npo3fm.nl/rss/,needs verification,N/A,
NL,Netherlands,14,NOS Tech,https://feeds.nos.nl/nosnieuwstech,needs verification,N/A,
NL,Netherlands,23,NRC,https://www.nrc.nl/nieuws/rss/,needs verification,N/A,
NL,Netherlands,25,Nieuwsuur,https://feeds.nos.nl/nieuwsuuralgemeen,needs verification,N/A,
NL,Netherlands,27,RTL,https://www.rtlnieuws.nl/nieuws/rss.xml,needs verification,N/A,
NL,Netherlands,30,NRC,https://www.nrc.nl/rss/,needs verification,N/A,
NL,Netherlands,31,NOS Nieuws - Binnenland,https://feeds.nos.nl/nosnieuwsbinnenland,needs verification,N/A,
NL,Netherlands,32,NOS Nieuws - Buitenland,https://feeds.nos.nl/nosnieuwsbuitenland,needs verification,N/A,
NL,Netherlands,33,NOS Nieuws - Politiek,https://feeds.nos.nl/nosnieuwspolitiek,needs verification,N/A,
NL,Netherlands,34,NOS Nieuws - Economie,https://feeds.nos.nl/nosnieuwseconomie,needs verification,N/A,
NL,Netherlands,35,NOS Nieuws - Opmerkelijk,https://feeds.nos.nl/nosnieuwsopmerkelijk,needs verification,N/A,
NL,Netherlands,36,NOS Nieuws - Koningshuis,https://feeds.nos.nl/nosnieuwskoningshuis,needs verification,N/A,
NL,Netherlands,37,NOS Nieuws - Cultuur & media,https://feeds.nos.nl/nosnieuwscultuurenmedia,needs verification,N/A,
NL,Netherlands,38,NOS Sport - Algemeen,https://feeds.nos.nl/nossportalgemeen,needs verification,N/A,
NL,Netherlands,39,NOS Sport - Voetbal,https://feeds.nos.nl/nosvoetbal,needs verification,N/A,
NL,Netherlands,40,NOS Sport - Wielrennen,https://feeds.nos.nl/nossportwielrennen,needs verification,N/A,
NL,Netherlands,41,NOS Sport - Schaatsen,https://feeds.nos.nl/nossportschaatsen,needs verification,N/A,
NL,Netherlands,42,NOS Sport - Tennis,https://feeds.nos.nl/nossporttennis,needs verification,N/A,
NL,Netherlands,43,NOS Sport - Formule 1,https://feeds.nos.nl/nossportformule1,needs verification,N/A,
NL,Netherlands,44,NOS op 3,https://feeds.nos.nl/nosop3,needs verification,N/A,
NL,Netherlands,45,NOS Jeugdjournaal,https://feeds.nos.nl/jeugdjournaal,needs verification,N/A,
NL,Netherlands,46,De Telegraaf,https://www.telegraaf.nl/rss,needs verification,N/A,
NL,Netherlands,47,de Volkskrant,https://www.volkskrant.nl/voorpagina/rss.xml,needs verification,N/A,
NL,Netherlands,48,Trouw,https://www.trouw.nl/voorpagina/rss.xml,needs verification,N/A,
NL,Netherlands,49,Het Parool,https://www.parool.nl/voorpagina/rss.xml,needs verification,N/A,
NL,Netherlands,50,Het Financieele Dagblad (FD),https://fd.nl/?rss,needs verification,N/A,
NL,Netherlands,51,Tweakers (Mixed),https://tweakers.net/feeds/mixed.xml,needs verification,N/A,
NL,Netherlands,52,BNR Nieuwsradio (Economie),https://www.bnr.nl/rss/economie,needs verification,N/A,
NL,Netherlands,53,Telegraaf (Financieel),https://www.telegraaf.nl/rss/financieel,needs verification,N/A,
NL,Netherlands,54,RTL Z (Business),https://www.rtlnieuws.nl/economie/rss.xml,needs verification,N/A,
NL,Netherlands,55,Nu.nl,https://www.nu.nl/rss/Algemeen,needs verification,N/A,
NL,Netherlands,56,Tweakers,https://tweakers.net/feeds/nieuws.xml,needs verification,N/A,
CH,Switzerland,10,Le Temps Economy,https://www.letemps.ch/economie.rss,needs verification,N/A,
CH,Switzerland,20,NZZ,https://www.nzz.ch/reisen.rss,needs verification,N/A,
CH,Switzerland,28,NDR,https://www.ndr.ch/rss/,needs verification,N/A,
CH,Switzerland,4,SRF News (Latest),https://www.srf.ch/news/bnf/rss/19032223,needs verification,N/A,
CH,Switzerland,5,SRF News (Switzerland),https://www.srf.ch/news/bnf/rss/1890,needs verification,N/A,
CH,Switzerland,6,SRF News (International),https://www.srf.ch/news/bnf/rss/1922,needs verification,N/A,
CH,Switzerland,7,SRF News (Economy),https://www.srf.ch/news/bnf/rss/1926,needs verification,N/A,
CH,Switzerland,8,SRF Sport (Football),https://www.srf.ch/sport/bnf/rss/2562,needs verification,N/A,
CH,Switzerland,9,SRF Sport (Ice Hockey),https://www.srf.ch/sport/bnf/rss/3418,needs verification,N/A,
CH,Switzerland,10,SRF Sport (Tennis),https://www.srf.ch/sport/bnf/rss/2814,needs verification,N/A,
CH,Switzerland,11,SRF Sport (Alpine Skiing),https://www.srf.ch/sport/bnf/rss/787950,needs verification,N/A,
CH,Switzerland,12,SRF Wissen (Health),https://www.srf.ch/bnf/rss/19919909,needs verification,N/A,
CH,Switzerland,13,SRF Wissen (Tech),https://www.srf.ch/bnf/rss/19920122,needs verification,N/A,
CH,Switzerland,14,Blick (Schweiz),https://www.blick.ch/schweiz/rss.xml,needs verification,N/A,
CH,Switzerland,15,Blick (Ausland),https://www.blick.ch/ausland/rss.xml,needs verification,N/A,
CH,Switzerland,16,Blick (Wirtschaft),https://www.blick.ch/wirtschaft/rss.xml,needs verification,N/A,
CH,Switzerland,17,Blick (Politik),https://www.blick.ch/politik/rss.xml,needs verification,N/A,
CH,Switzerland,18,Blick (Sport),https://www.blick.ch/sport/rss.xml,needs verification,N/A,
CH,Switzerland,19,Blick Sport (Fussball),https://www.blick.ch/sport/fussball/rss.xml,needs verification,N/A,
CH,Switzerland,20,Blick Sport (Eishockey),https://www.blick.ch/sport/eishockey/rss.xml,needs verification,N/A,
CH,Switzerland,21,Blick Sport (Ski),https://www.blick.ch/sport/ski/rss.xml,needs verification,N/A,
CH,Switzerland,22,Blick Sport (Tennis),https://www.blick.ch/sport/tennis/rss.xml,needs verification,N/A,
CH,Switzerland,23,Blick (Digital),https://www.blick.ch/digital/rss.xml,needs verification,N/A,
CH,Switzerland,24,Le News (EN),https://lenews.ch/feed,needs verification,N/A,
CH,Switzerland,25,The Local Switzerland (EN),https://feeds.thelocal.com/rss/ch,needs verification,N/A,
CH,Switzerland,26,NZZ (Latest),https://www.nzz.ch/recent.rss,needs verification,N/A,
CH,Switzerland,29,Swissinfo (Business - EN),https://www.swissinfo.ch/eng/business/feed,needs verification,N/A,
CH,Switzerland,30,Finews.ch (Swiss Finance),https://www.finews.ch/news/finanzplatz?format=feed&type=rss,needs verification,N/A,
CH,Switzerland,31,20 Minuten (Wirtschaft),https://www.20min.ch/rss/wirtschaft,needs verification,N/A,
CH,Switzerland,32,Le Temps,https://www.letemps.ch/rss,needs verification,N/A,
CH,Switzerland,33,Finanz und Wirtschaft,https://www.fuw.ch/feed,needs verification,N/A,
TR,Turkey,2,Hürriyet,https://www.hurriyet.com.tr/rss/anasayfa,needs verification,N/A,
TR,Turkey,5,Sabah,https://www.sabah.com.tr/rss/sondakika.xml,needs verification,N/A,
TR,Turkey,9,Haberturk,https://www.haberturk.com/rss,needs verification,N/A,
TR,Turkey,11,Cumhuriyet,https://www.cumhuriyet.com.tr/Rss/,needs verification,N/A,
TR,Turkey,14,Aksam,https://www.aksam.com.tr/rss,needs verification,N/A,
TR,Turkey,19,Takvim,https://www.takvim.com.tr/rss/feed,needs verification,N/A,
TR,Turkey,26,Cumhuriyet,https://www.cumhuriyet.com.tr/RSS,needs verification,N/A,
TR,Turkey,27,HuffPost Turkey,https://www.hurriyetdailynews.com/rss,needs verification,N/A,
TR,Turkey,30,Haber Turk,https://www.haberturk.com/rss/,needs verification,N/A,
TR,Turkey,31,Hürriyet (Anasayfa),http://www.hurriyet.com.tr/rss/anasayfa,needs verification,N/A,
TR,Turkey,32,Hürriyet (Gündem),http://www.hurriyet.com.tr/rss/gundem,needs verification,N/A,
TR,Turkey,33,Hürriyet (Ekonomi),http://www.hurriyet.com.tr/rss/ekonomi,needs verification,N/A,
TR,Turkey,34,Hürriyet (Magazin),http://www.hurriyet.com.tr/rss/magazin,needs verification,N/A,
TR,Turkey,35,Hürriyet (Spor),http://www.hurriyet.com.tr/rss/spor,needs verification,N/A,
TR,Turkey,36,Hürriyet (Dünya),http://www.hurriyet.com.tr/rss/dunya,needs verification,N/A,
TR,Turkey,37,Hürriyet (Teknoloji),http://www.hurriyet.com.tr/rss/teknoloji,needs verification,N/A,
TR,Turkey,38,Hürriyet (Sağlık),http://www.hurriyet.com.tr/rss/saglik,needs verification,N/A,
TR,Turkey,39,Hürriyet (Astroloji),http://www.hurriyet.com.tr/rss/astroloji,needs verification,N/A,
TR,Turkey,40,Sabah (Anasayfa),https://www.sabah.com.tr/rss/anasayfa.xml,needs verification,N/A,
TR,Turkey,41,Sabah (Ekonomi),https://www.sabah.com.tr/rss/ekonomi.xml,needs verification,N/A,
TR,Turkey,42,Sabah (Spor),https://www.sabah.com.tr/rss/spor.xml,needs verification,N/A,
TR,Turkey,43,Sabah (Gündem),https://www.sabah.com.tr/rss/gundem.xml,needs verification,N/A,
TR,Turkey,44,Sabah (Yaşam),https://www.sabah.com.tr/rss/yasam.xml,needs verification,N/A,
TR,Turkey,45,Sabah (Dünya),https://www.sabah.com.tr/rss/dunya.xml,needs verification,N/A,
TR,Turkey,46,Sabah (Teknoloji),https://www.sabah.com.tr/rss/teknoloji.xml,needs verification,N/A,
TR,Turkey,47,Sabah (Turizm),https://www.sabah.com.tr/rss/turizm.xml,needs verification,N/A,
TR,Turkey,48,Sabah (Otomobil),https://www.sabah.com.tr/rss/otomobil.xml,needs verification,N/A,
TR,Turkey,49,CNN Türk (All / News),https://www.cnnturk.com/feed/rss/all/news,needs verification,N/A,
TR,Turkey,50,CNN Türk (Türkiye / News),https://www.cnnturk.com/feed/rss/turkiye/news,needs verification,N/A,
TR,Turkey,51,CNN Türk (Dünya / News),https://www.cnnturk.com/feed/rss/dunya/news,needs verification,N/A,
TR,Turkey,52,CNN Türk (Ekonomi / News),https://www.cnnturk.com/feed/rss/ekonomi/news,needs verification,N/A,
TR,Turkey,53,CNN Türk (Bilim-Teknoloji / News),https://www.cnnturk.com/feed/rss/bilim-teknoloji/news,needs verification,N/A,
TR,Turkey,54,CNN Türk (Spor / News),https://www.cnnturk.com/feed/rss/spor/news,needs verification,N/A,
TR,Turkey,55,CNN Türk (Sağlık / News),https://www.cnnturk.com/feed/rss/saglik/news,needs verification,N/A,
TR,Turkey,56,TRT Haber (Son Dakika),http://www.trthaber.com/sondakika.rss,needs verification,N/A,
TR,Turkey,57,Habertürk (Main),http://www.haberturk.com/rss,needs verification,N/A,
TR,Turkey,58,Dünya (Main),https://www.dunya.com/rss?dunya,needs verification,N/A,
TR,Turkey,59,BBC Türkçe,https://feeds.bbci.co.uk/turkce/rss.xml,needs verification,N/A,
SA,Saudi Arabia,18,Okaz,https://www.okaz.com.sa/rss/news,needs verification,N/A,
SA,Saudi Arabia,21,Al Jazirah,https://www.aljazeera.net/rss,needs verification,N/A,
SA,Saudi Arabia,10,Al Madina,https://www.al-madina.com/rssFeed/193,needs verification,N/A,
SA,Saudi Arabia,11,Al Bilad Daily,https://albiladdaily.com/feed,needs verification,N/A,
SA,Saudi Arabia,12,Makkah Newspaper,https://makkahnewspaper.com/rssFeed/0,needs verification,N/A,
SA,Saudi Arabia,13,Al Jazirah,https://www.al-jazirah.com/rss/ln.xml,needs verification,N/A,
SA,Saudi Arabia,14,Al Arabiya (EN - Business),https://english.alarabiya.net/feed/business,needs verification,N/A,
SA,Saudi Arabia,15,Al Arabiya (EN - Middle East),https://english.alarabiya.net/feed/middle-east,needs verification,N/A,
SA,Saudi Arabia,16,Asharq Business (Bloomberg Arabic),https://asharqbusiness.com/feed,needs verification,N/A,
SA,Saudi Arabia,17,Gulf Business (Saudi Section),https://gulfbusiness.com/region/saudi-arabia/feed/,needs verification,N/A,
SA,Saudi Arabia,18,Saudi Gazette (Business),https://saudigazette.com.sa/rss/3,needs verification,N/A,
SA,Saudi Arabia,22,Zawya (Middle East Business 1위 - EN),https://www.zawya.com/en/rss,needs verification,N/A,
SA,Saudi Arabia,23,Arab News,https://www.arabnews.com/rss.xml,needs verification,N/A,
SA,Saudi Arabia,24,Al Eqtisadiah (Economy - Arabic),https://www.aleqt.com/feed,needs verification,N/A,
SA,Saudi Arabia,25,Saudi Press Agency (Arabic),https://www.spa.gov.sa/rss,needs verification,N/A,
SA,Saudi Arabia,26,Al Riyadh (Main - Arabic),https://www.alriyadh.com/rss,needs verification,N/A,
SA,Saudi Arabia,27,Al Arabiya (Business - Arabic),https://www.alarabiya.net/feed/business,needs verification,N/A,
TW,Taiwan,4,Liberty Times - Business,https://news.ltn.com.tw/rss/business.xml,invalid,N/A,
TW,Taiwan,5,TechNews Taiwan,https://technews.tw/feed/,invalid,N/A,
TW,Taiwan,6,CNA (Central News Agency),https://feeds.feedburner.com/cnaFirstNews,invalid,N/A,
TW,Taiwan,14,Formosa Reporter,https://www.formosapost.com/feed/,needs verification,N/A,
TW,Taiwan,5,CNA 政治,https://feeds.feedburner.com/rsscna/politics,needs verification,N/A,
TW,Taiwan,6,CNA 國際,https://feeds.feedburner.com/rsscna/intworld,needs verification,N/A,
TW,Taiwan,7,CNA 兩岸,https://feeds.feedburner.com/rsscna/mainland,needs verification,N/A,
TW,Taiwan,8,CNA 產經證券,https://feeds.feedburner.com/rsscna/finance,needs verification,N/A,
TW,Taiwan,9,CNA 科技,https://feeds.feedburner.com/rsscna/technology,needs verification,N/A,
TW,Taiwan,10,CNA 生活,https://feeds.feedburner.com/rsscna/lifehealth,needs verification,N/A,
TW,Taiwan,11,CNA 社會,https://feeds.feedburner.com/rsscna/social,needs verification,N/A,
TW,Taiwan,12,CNA 地方,https://feeds.feedburner.com/rsscna/local,needs verification,N/A,
TW,Taiwan,13,CNA 文化,https://feeds.feedburner.com/rsscna/culture,needs verification,N/A,
TW,Taiwan,14,CNA 運動,https://feeds.feedburner.com/rsscna/sport,needs verification,N/A,
TW,Taiwan,15,CNA 娛樂,https://feeds.feedburner.com/rsscna/stars,needs verification,N/A,
TW,Taiwan,16,Liberty Times 即時,https://news.ltn.com.tw/rss/all.xml,needs verification,N/A,
TW,Taiwan,17,Liberty Times 政治,https://news.ltn.com.tw/rss/politics.xml,needs verification,N/A,
TW,Taiwan,18,Liberty Times 社會,https://news.ltn.com.tw/rss/society.xml,needs verification,N/A,
TW,Taiwan,19,Liberty Times 生活,https://news.ltn.com.tw/rss/life.xml,needs verification,N/A,
TW,Taiwan,20,Liberty Times 評論,https://news.ltn.com.tw/rss/opinion.xml,needs verification,N/A,
TW,Taiwan,21,Liberty Times 國際,https://news.ltn.com.tw/rss/world.xml,needs verification,N/A,
TW,Taiwan,22,Liberty Times 體育,https://news.ltn.com.tw/rss/sports.xml,needs verification,N/A,
TW,Taiwan,23,Liberty Times 娛樂,https://news.ltn.com.tw/rss/entertainment.xml,needs verification,N/A,
TW,Taiwan,24,Liberty Times 藝文,https://news.ltn.com.tw/rss/art.xml,needs verification,N/A,
TW,Taiwan,25,Liberty Times 軍武,https://news.ltn.com.tw/rss/def.xml,needs verification,N/A,
TW,Taiwan,26,Liberty Times 地方,https://news.ltn.com.tw/rss/local.xml,needs verification,N/A,
TW,Taiwan,28,Liberty Times 蒐奇,https://news.ltn.com.tw/rss/novelty.xml,needs verification,N/A,
TW,Taiwan,29,Taipei Times (EN),https://www.taipeitimes.com/xml/index.rss,needs verification,N/A,
TW,Taiwan,30,The Reporter,https://www.twreporter.org/a/rss2.xml,needs verification,N/A,
TW,Taiwan,31,Newtalk 全部,https://newtalk.tw/rss/all/,needs verification,N/A,
TW,Taiwan,32,Newtalk 政治,https://newtalk.tw/rss/category/2,needs verification,N/A,
TW,Taiwan,33,Youth Daily News 軍聞,https://www.ydn.com.tw/tw/Home/RSS.aspx?TID=2,needs verification,N/A,
PL,Poland,2,Onet,https://wiadomosci.onet.pl/rss,needs verification,N/A,
PL,Poland,3,TVN24,https://tvn24.pl/tvnmeteo.xml,needs verification,N/A,
PL,Poland,12,Fakt,https://www.fakt.pl/rss/,needs verification,N/A,
PL,Poland,22,Wprost,https://www.wprost.pl/rss/,needs verification,N/A,
PL,Poland,5,RMF24 (Main),https://www.rmf24.pl/feed,needs verification,N/A,
PL,Poland,6,RMF24 Fakty,https://www.rmf24.pl/fakty/feed,needs verification,N/A,
PL,Poland,7,RMF24 Polska,https://www.rmf24.pl/fakty/polska/feed,needs verification,N/A,
PL,Poland,8,RMF24 Polityka,https://www.rmf24.pl/fakty/polityka/feed,needs verification,N/A,
PL,Poland,9,RMF24 Świat,https://www.rmf24.pl/fakty/swiat/feed,needs verification,N/A,
PL,Poland,10,RMF24 Ekonomia,https://www.rmf24.pl/ekonomia/feed,needs verification,N/A,
PL,Poland,11,RMF24 Nauka,https://www.rmf24.pl/nauka/feed,needs verification,N/A,
PL,Poland,12,RMF24 Kultura,https://www.rmf24.pl/kultura/feed,needs verification,N/A,
PL,Poland,13,RMF24 Sport,https://www.rmf24.pl/sport/feed,needs verification,N/A,
PL,Poland,14,RMF24 Ciekawostki,https://www.rmf24.pl/rozrywka/ciekawostki/feed,needs verification,N/A,
PL,Poland,15,RMF24 Komentarze,https://www.rmf24.pl/tylko-w-rmf24/komentarze/feed,needs verification,N/A,
PL,Poland,16,RMF24 Podsumowanie dnia,https://www.rmf24.pl/fakty/podsumowanie-dnia/feed,needs verification,N/A,
PL,Poland,17,PolsatNews Wszystkie,https://www.polsatnews.pl/rss/wszystkie.xml,needs verification,N/A,
PL,Poland,18,PolsatNews Polska,https://www.polsatnews.pl/rss/polska.xml,needs verification,N/A,
PL,Poland,19,PolsatNews Świat,https://www.polsatnews.pl/rss/swiat.xml,needs verification,N/A,
PL,Poland,20,PolsatNews Wideo,https://www.polsatnews.pl/rss/wideo.xml,needs verification,N/A,
PL,Poland,21,PolsatNews Biznes,https://www.polsatnews.pl/rss/biznes.xml,needs verification,N/A,
PL,Poland,22,PolsatNews Technologie,https://www.polsatnews.pl/rss/technologie.xml,needs verification,N/A,
PL,Poland,23,PolsatNews Moto,https://www.polsatnews.pl/rss/moto.xml,needs verification,N/A,
PL,Poland,24,PolsatNews Kultura,https://www.polsatnews.pl/rss/kultura.xml,needs verification,N/A,
PL,Poland,25,PolsatNews Sport,https://www.polsatnews.pl/rss/sport.xml,needs verification,N/A,
PL,Poland,26,PolsatNews Czysta Polska,https://www.polsatnews.pl/rss/czysta-polska.xml,needs verification,N/A,
PL,Poland,27,Nauka w Polsce (All),https://naukawpolsce.pl/all/rss.xml,needs verification,N/A,
PL,Poland,28,Nauka w Polsce (Science categories),https://naukawpolsce.pl/naukowy/rss.xml,needs verification,N/A,
PL,Poland,29,Nauka w Polsce (Technologia),https://naukawpolsce.pl/technologia/rss.xml,needs verification,N/A,
PL,Poland,30,Nauka w Polsce (Blog),https://naukawpolsce.pl/blog/rss.xml,needs verification,N/A,
PL,Poland,31,PAP MediaRoom (All),https://pap-mediaroom.pl/rss.xml,needs verification,N/A,
PL,Poland,32,PAP MediaRoom (Biznes i finanse),https://pap-mediaroom.pl/kategoria/biznes-i-finanse/rss.xml,needs verification,N/A,
PL,Poland,33,PAP MediaRoom (Nauka i technologie),https://pap-mediaroom.pl/kategoria/nauka-i-technologie/rss.xml,needs verification,N/A,
PL,Poland,34,PAP MediaRoom (Kalendarium),https://pap-mediaroom.pl/kalendarium/rss.xml,needs verification,N/A,
SE,Sweden,2,Dagens Nyheter,https://www.dn.se/nyheter/rss/,needs verification,N/A,
SE,Sweden,7,Dagens Industri,https://www.di.se/rss/,needs verification,N/A,
SE,Sweden,8,SVT Nyheter,https://www.svt.se/nyheter/rss.xml,needs verification,N/A,
SE,Sweden,9,Göteborgs-Posten,https://www.gp.se/rss,needs verification,N/A,
SE,Sweden,17,Sveriges Television,https://www.svt.se/nyheter/ekonomi/rss.xml,needs verification,N/A,
SE,Sweden,24,Svt,https://www.svt.se/nyheter/rss.xml?sectionId=2,needs verification,N/A,
SE,Sweden,25,Dagens Nyheter Sport,https://www.dn.se/sport/rss,needs verification,N/A,
SE,Sweden,27,Dagens Nyheter Business,https://www.dn.se/ekonomi/rss,needs verification,N/A,
SE,Sweden,28,Norran,https://www.norran.se/rss,needs verification,N/A,
SE,Sweden,29,Aftonbladet - Nyheter (All),https://rss.aftonbladet.se/rss2/small/pages/sections/senastenytt/,needs verification,N/A,
SE,Sweden,30,Aftonbladet - Sportbladet,https://rss.aftonbladet.se/rss2/small/pages/sections/senastenytt/sport/,needs verification,N/A,
SE,Sweden,31,Aftonbladet - Sportbladet Fotboll,https://rss.aftonbladet.se/rss2/small/pages/sections/sportbladet/fotboll/,needs verification,N/A,
SE,Sweden,32,Aftonbladet - Sportbladet Hockey,https://rss.aftonbladet.se/rss2/small/pages/sections/sportbladet/hockey/,needs verification,N/A,
SE,Sweden,33,Aftonbladet - Nöjesbladet,https://rss.aftonbladet.se/rss2/small/pages/sections/nojesbladet/,needs verification,N/A,
SE,Sweden,34,Aftonbladet - Kultur,https://rss.aftonbladet.se/rss2/small/pages/sections/kultur/,needs verification,N/A,
SE,Sweden,35,Expressen - Nyheter,https://feeds.expressen.se/nyheter/,needs verification,N/A,
SE,Sweden,36,GT - Nyheter,https://feeds.expressen.se/gt/,needs verification,N/A,
SE,Sweden,37,Svenska Dagbladet - Frontpage,https://www.svd.se/?service=rss,needs verification,N/A,
SE,Sweden,38,The Local Sweden (EN),https://feeds.thelocal.com/rss/se,needs verification,N/A,
SE,Sweden,39,Sveriges Radio - Ekot nyhetssändning (pod),https://api.sr.se/api/rss/pod/3795,needs verification,N/A,
SE,Sweden,40,Sveriges Radio - P3 Nyheter på en minut (pod),https://api.sr.se/api/rss/pod/22376,needs verification,N/A,
SE,Sweden,41,Sveriges Radio - Radio Sweden på lätt svenska (program),https://api.sr.se/api/rss/program/4916?format=1,needs verification,N/A,
SE,Sweden,42,Radio Sweden - Sweden Today (podcast xml),http://sverigesradio.se/Podradio/xml/SRI_en_sweToday.xml,needs verification,N/A,
SE,Sweden,43,Proletären,https://proletaren.se/rss.xml,needs verification,N/A,
SE,Sweden,44,SVT Lokal - Sydnytt,http://svt.se/nyheter/regionalt/sydnytt/rss.xml,needs verification,N/A,
SE,Sweden,45,SVT Lokal - Blekingenytt,http://svt.se/nyheter/regionalt/blekingenytt/rss.xml,needs verification,N/A,
SE,Sweden,46,SVT Lokal - Mittnytt,http://svt.se/nyheter/regionalt/mittnytt/rss.xml,needs verification,N/A,
SE,Sweden,47,SVT Lokal - Jämtlandsnytt,http://svt.se/nyheter/regionalt/jamtlandsnytt/rss.xml,needs verification,N/A,
SE,Sweden,48,Sydsvenskan (fallback),https://www.sydsvenskan.se/feeds/feed.xml,needs verification,N/A,
SE,Sweden,49,Nerikes Allehanda (fallback),https://www.na.se/feeds/feed.xml,needs verification,N/A,
BE,Belgium,2,De Morgen,https://www.demorgen.be/rss.xml,needs verification,N/A,
BE,Belgium,4,La Libre,https://www.lalibre.be/arc/outboundfeeds/rss/section/belgique/?outputType=xml,needs verification,N/A,
BE,Belgium,6,Knack,https://www.knack.be/feed/,needs verification,N/A,
BE,Belgium,7,VRT News,https://www.vrt.be/vrtnws/nl.rss.articles.xml,needs verification,N/A,
BE,Belgium,11,La Dernière Heure,https://www.dhnet.be/rss.xml,needs verification,N/A,
BE,Belgium,12,Le Vif,https://www.levif.be/feed/,needs verification,N/A,
BE,Belgium,13,RTBF,https://rss.rtbf.be/article/rss/highlight_rtbf_info.xml?source=internal,needs verification,N/A,
BE,Belgium,16,Het Nieuwsblad,https://www.nieuwsblad.be/rss/,needs verification,N/A,
BE,Belgium,19,La Libre Belgique,https://www.lalibre.be/rss/,needs verification,N/A,
BE,Belgium,27,La Libre,https://www.lalibre.be/rss,needs verification,N/A,
BE,Belgium,28,The Bulletin (EN),https://www.thebulletin.be/rss.xml,needs verification,N/A,
BE,Belgium,29,HLN (Het Laatste Nieuws),https://www.hln.be/home/rss.xml,needs verification,N/A,
BE,Belgium,30,Brussels Morning,https://brusselsmorning.com/feed,needs verification,N/A,
BE,Belgium,31,L'Echo,https://www.lecho.be/rss/top_stories.xml,needs verification,N/A,
BE,Belgium,32,De Standaard (example section),https://www.standaard.be/rss/section/1f2838d4-99ea-49f0-9102-138784c7ea7c,needs verification,N/A,
BE,Belgium,33,Het Nieuwsblad (example section),https://www.nieuwsblad.be/rss/section/55178e67-15a8-4ddd-a3d8-bfe5708f8932,needs verification,N/A,
BE,Belgium,34,Le Soir (main),https://www.lesoir.be/rss2/9/cible_principale,needs verification,N/A,
BE,Belgium,35,Brussels Times,https://www.brusselstimes.com/rss-feed,needs verification,N/A,
BE,Belgium,36,City of Brussels (official),https://www.brussels.be/rss.xml,needs verification,N/A,
TH,Thailand,11,The Thaiger,https://thethaiger.com/feed,needs verification,N/A,
TH,Thailand,12,Khaosod English,https://www.khaosodenglish.com/rss,needs verification,N/A,
TH,Thailand,13,Matichon,https://www.matichon.co.th/rss,needs verification,N/A,
TH,Thailand,18,Prachachat,https://prachachat.net/feed/,needs verification,N/A,
TH,Thailand,25,Daily News,https://www.dailynews.co.th/rss,needs verification,N/A,
TH,Thailand,26,Prachatai English (Feedburner),http://feeds.feedburner.com/prachataienglish,needs verification,N/A,
TH,Thailand,27,Thai PBS (news feed endpoint),https://news.thaipbs.or.th/rss/news,needs verification,N/A,
TH,Thailand,28,Thairath (News),http://www.thairath.co.th/rss/news.xml,needs verification,N/A,
TH,Thailand,29,Thairath (Sport),http://www.thairath.co.th/rss/sport.xml,needs verification,N/A,
TH,Thailand,30,Sanook - Hot News,http://rssfeeds.sanook.com/rss/feeds/sanook/hot.news.xml,needs verification,N/A,
TH,Thailand,31,Sanook - Daily News,http://rssfeeds.sanook.com/rss/feeds/sanook/news.index.xml,needs verification,N/A,
TH,Thailand,32,Sanook - Politics,http://rssfeeds.sanook.com/rss/feeds/sanook/news.politic.xml,needs verification,N/A,
TH,Thailand,33,Sanook - Crime,http://rssfeeds.sanook.com/rss/feeds/sanook/news.crime.xml,needs verification,N/A,
TH,Thailand,34,Sanook - World,http://rssfeeds.sanook.com/rss/feeds/sanook/news.world.xml,needs verification,N/A,
TH,Thailand,35,Sanook - Economy,http://rssfeeds.sanook.com/rss/feeds/sanook/news.economic.xml,needs verification,N/A,
TH,Thailand,36,Sanook - Tech (News),http://rssfeeds.sanook.com/rss/feeds/sanook/hitech.news.xml,needs verification,N/A,
TH,Thailand,37,Sanook - Tech (Computer),http://rssfeeds.sanook.com/rss/feeds/sanook/hitech.computer.index.xml,needs verification,N/A,
TH,Thailand,38,Sanook - Tech (Mobile),http://rssfeeds.sanook.com/rss/feeds/sanook/hitech.mobile.index.xml,needs verification,N/A,
TH,Thailand,39,Sanook - Travel,http://rssfeeds.sanook.com/rss/feeds/sanook/travel.index.xml,needs verification,N/A,
TH,Thailand,40,Sanook - Movies,http://rssfeeds.sanook.com/rss/feeds/sanook/movie.news.xml,needs verification,N/A,
TH,Thailand,41,PressDisplay - Bangkok Post,https://www.pressdisplay.com/pressdisplay/services/rss.ashx?cid=1264,needs verification,N/A,
TH,Thailand,42,PressDisplay - Daily News Thailand,https://www.pressdisplay.com/pressdisplay/services/rss.ashx?cid=4863,needs verification,N/A,
TH,Thailand,43,PressDisplay - Krungthep Turakij,https://www.pressdisplay.com/pressdisplay/services/rss.ashx?cid=5261&type=full,needs verification,N/A,
TH,Thailand,44,PressDisplay - The Phuket News,https://www.pressdisplay.com/pressdisplay/services/rss.ashx?cid=eff9&type=full,needs verification,N/A,
TH,Thailand,45,PressDisplay - Novosti Phuketa,https://www.pressdisplay.com/pressdisplay/services/rss.ashx?cid=9wv3&type=full,needs verification,N/A,
TH,Thailand,46,PressDisplay - Window On Phuket,https://www.pressdisplay.com/pressdisplay/services/rss.ashx?cid=9wv4&type=full,needs verification,N/A,
TH,Thailand,47,PressDisplay - Where to Eat in Phuket,https://www.pressdisplay.com/pressdisplay/services/rss.ashx?cid=9wv5&type=full,needs verification,N/A,
TH,Thailand,48,PressDisplay - Prestige (Thailand),https://www.pressdisplay.com/pressdisplay/services/rss.ashx?cid=9vw7&type=full,needs verification,N/A,
TH,Thailand,49,PressDisplay - Hello! (Thailand),https://www.pressdisplay.com/pressdisplay/services/rss.ashx?cid=9vw6&type=full,needs verification,N/A,
TH,Thailand,50,Khaosod English - Food (category),http://www.khaosodenglish.com/category/life/food/feed,needs verification,N/A,
IR,Iran,2,IRNA,https://www.irna.ir/rss,needs verification,N/A,
IR,Iran,3,Mehr News,https://www.mehrnews.com/rss,needs verification,N/A,
IR,Iran,8,ILNA,https://www.ilna.news/rss,needs verification,N/A,
IR,Iran,9,Khabar Online,https://www.khabaronline.ir/rss,needs verification,N/A,
IR,Iran,10,Iran International,https://www.iranintl.com/feed,needs verification,N/A,
IR,Iran,15,ILNA,https://www.ilna.ir/rss,needs verification,N/A,
IR,Iran,25,Tejarat News,https://www.tejaratnews.com/rss,needs verification,N/A,
IR,Iran,26,Tehran Times - Latest,https://www.tehrantimes.com/rss,needs verification,N/A,
IR,Iran,27,Tehran Times - Homepage,https://www.tehrantimes.com/rss-homepage,needs verification,N/A,
IR,Iran,28,Tehran Times - Breaking,https://www.tehrantimes.com/rss/pl/617,needs verification,N/A,
IR,Iran,29,Tehran Times - Society,https://www.tehrantimes.com/rss/tp/696,needs verification,N/A,
IR,Iran,30,Tehran Times - Economy,https://www.tehrantimes.com/rss/tp/697,needs verification,N/A,
IR,Iran,31,Tehran Times - Politics,https://www.tehrantimes.com/rss/tp/698,needs verification,N/A,
IR,Iran,32,Tehran Times - Sports,https://www.tehrantimes.com/rss/tp/699,needs verification,N/A,
IR,Iran,33,Tehran Times - Culture,https://www.tehrantimes.com/rss/tp/700,needs verification,N/A,
IR,Iran,34,Tehran Times - International,https://www.tehrantimes.com/rss/tp/702,needs verification,N/A,
IR,Iran,35,Tehran Times - Multimedia,https://www.tehrantimes.com/rss/tp/717,needs verification,N/A,
IR,Iran,36,Tehran Times - Tourism,https://www.tehrantimes.com/rss/tp/807,needs verification,N/A,
IR,Iran,37,MehrNews (EN) - Latest,https://en.mehrnews.com/rss/pl/118,needs verification,N/A,
IR,Iran,38,MehrNews (EN) - Iran,https://en.mehrnews.com/rss/tp/575,needs verification,N/A,
IR,Iran,39,MehrNews (EN) - Iran > Iran,https://en.mehrnews.com/rss/tp/905,needs verification,N/A,
IR,Iran,40,MehrNews (EN) - Ethnic Groups,https://en.mehrnews.com/rss/tp/897,needs verification,N/A,
IR,Iran,41,MehrNews (EN) - Nature,https://en.mehrnews.com/rss/tp/898,needs verification,N/A,
IR,Iran,42,MehrNews (EN) - Historical Sites,https://en.mehrnews.com/rss/tp/899,needs verification,N/A,
IR,Iran,43,MehrNews (EN) - Souvenirs,https://en.mehrnews.com/rss/tp/900,needs verification,N/A,
IR,Iran,44,MehrNews (EN) - Persian Cuisine,https://en.mehrnews.com/rss/tp/901,needs verification,N/A,
IR,Iran,45,ISNA (EN) - Social,https://en.isna.ir/rss/tp/8,needs verification,N/A,
IR,Iran,46,ISNA (EN) - Economy,https://en.isna.ir/rss/tp/33,needs verification,N/A,
IR,Iran,47,ISNA (EN) - Politics,https://en.isna.ir/rss/tp/13,needs verification,N/A,
IR,Iran,48,ISNA (EN) - Culture & Art,https://en.isna.ir/rss/tp/19,needs verification,N/A,
IR,Iran,49,ISNA (EN) - Sports,https://en.isna.ir/rss/tp/23,needs verification,N/A,
IR,Iran,50,ISNA (EN) - Photos,https://en.isna.ir/rss/tp/27,needs verification,N/A,
IR,Iran,51,Tasnim (EN) - Top Stories,https://www.tasnimnews.ir/en/rss/feed/0/0/8/1/TopStories,needs verification,N/A,
IR,Iran,52,Tasnim (EN) - All Stories,https://www.tasnimnews.ir/en/rss/feed/0/0/0/0/AllStories,needs verification,N/A,
IR,Iran,53,Tasnim (EN) - Politics,https://www.tasnimnews.ir/en/rss/feeds/1192/0/0/0,needs verification,N/A,
IR,Iran,54,Tasnim (EN) - Economy,https://www.tasnimnews.ir/en/rss/feeds/1193/0/0/0,needs verification,N/A,
IR,Iran,55,Tasnim (EN) - World,https://www.tasnimnews.ir/en/rss/feeds/1194/0/0/0,needs verification,N/A,
AR,Argentina,1,Ámbito - Portada,https://www.ambito.com/rss/pages/home.xml,needs verification,N/A,
AR,Argentina,2,Ámbito - Últimas noticias,https://www.ambito.com/rss/pages/ultimas-noticias.xml,needs verification,N/A,
AR,Argentina,3,Ámbito - Economía,https://www.ambito.com/rss/pages/economia.xml,needs verification,N/A,
AR,Argentina,4,Ámbito - Finanzas,https://www.ambito.com/rss/pages/finanzas.xml,needs verification,N/A,
AR,Argentina,5,Ámbito - Negocios,https://www.ambito.com/rss/pages/negocios.xml,needs verification,N/A,
AR,Argentina,6,Ámbito - Política,https://www.ambito.com/rss/pages/politica.xml,needs verification,N/A,
AR,Argentina,7,Ámbito - Nacional,https://www.ambito.com/rss/pages/nacional.xml,needs verification,N/A,
AR,Argentina,8,Ámbito - Mundo,https://www.ambito.com/rss/pages/mundo.xml,needs verification,N/A,
AR,Argentina,9,Ámbito - Lifestyle,https://www.ambito.com/rss/pages/lifestyle.xml,needs verification,N/A,
AR,Argentina,10,Ámbito - Deportes,https://www.ambito.com/rss/pages/deportes.xml,needs verification,N/A,
AR,Argentina,11,Ámbito - Tecnología,https://www.ambito.com/rss/pages/tecnologia.xml,needs verification,N/A,
AR,Argentina,12,Ámbito - Autos,https://www.ambito.com/rss/pages/autos.xml,needs verification,N/A,
AR,Argentina,13,Ámbito - Edición impresa,https://www.ambito.com/rss/pages/edicion-impresa.xml,needs verification,N/A,
AR,Argentina,14,Página/12 - Portada,https://www.pagina12.com.ar/arc/outboundfeeds/rss/portada,needs verification,N/A,
AR,Argentina,15,Página/12 - Edición impresa,https://www.pagina12.com.ar/arc/outboundfeeds/rss/edicion-impresa,needs verification,N/A,
AR,Argentina,16,Página/12 - El País,https://www.pagina12.com.ar/arc/outboundfeeds/rss/secciones/el-pais/notas,needs verification,N/A,
AR,Argentina,17,Página/12 - Economía,https://www.pagina12.com.ar/arc/outboundfeeds/rss/secciones/economia/notas,needs verification,N/A,
AR,Argentina,18,Página/12 - Sociedad,https://www.pagina12.com.ar/arc/outboundfeeds/rss/secciones/sociedad/notas,needs verification,N/A,
AR,Argentina,19,Página/12 - El Mundo,https://www.pagina12.com.ar/arc/outboundfeeds/rss/secciones/el-mundo/notas,needs verification,N/A,
AR,Argentina,20,Página/12 - Deportes,https://www.pagina12.com.ar/arc/outboundfeeds/rss/secciones/deportes/notas,needs verification,N/A,
AR,Argentina,21,Página/12 - Ciencia,https://www.pagina12.com.ar/arc/outboundfeeds/rss/secciones/ciencia/notas,needs verification,N/A,
AR,Argentina,22,Página/12 - Psicología,https://www.pagina12.com.ar/arc/outboundfeeds/rss/secciones/psicologia/notas,needs verification,N/A,
AR,Argentina,23,Página/12 - Cartas de Lectores,https://www.pagina12.com.ar/arc/outboundfeeds/rss/secciones/cartas-de-lectores/notas,needs verification,N/A,
AR,Argentina,24,Página/12 - Cash,https://www.pagina12.com.ar/arc/outboundfeeds/rss/suplementos/cash/notas,needs verification,N/A,
AR,Argentina,25,Página/12 - Las 12,https://www.pagina12.com.ar/arc/outboundfeeds/rss/suplementos/las12/notas,needs verification,N/A,
AR,Argentina,26,Página/12 - Radar,https://www.pagina12.com.ar/arc/outboundfeeds/rss/suplementos/radar/notas,needs verification,N/A,
AR,Argentina,27,Página/12 - Turismo,https://www.pagina12.com.ar/arc/outboundfeeds/rss/suplementos/turismo/notas,needs verification,N/A,
AR,Argentina,28,LA NACION - General,https://www.lanacion.com.ar/arc/outboundfeeds/rss/?outputType=xml,needs verification,N/A,
AR,Argentina,29,El Cronista - Noticias,https://www.cronista.com/files/rss/news.xml,needs verification,N/A,
AR,Argentina,30,Clarín - Ultimo Momento (속보),https://www.clarin.com/rss/lo-ultimo/,needs verification,N/A,
AR,Argentina,31,Clarín - Economía,https://www.clarin.com/rss/economia/,needs verification,N/A,
AR,Argentina,32,Clarín - Política,https://www.clarin.com/rss/politica/,needs verification,N/A,
AR,Argentina,33,La Nación - Economía,https://www.lanacion.com.ar/arc/outboundfeeds/rss/?outputType=xml&rotation=economia,needs verification,N/A,
AR,Argentina,34,La Nación - Política,https://www.lanacion.com.ar/arc/outboundfeeds/rss/?outputType=xml&rotation=politica,needs verification,N/A,
AR,Argentina,35,Infobae - Argentina,https://www.infobae.com/feeds/rss/argentina/,needs verification,N/A,
AR,Argentina,36,Infobae - Economía,https://www.infobae.com/feeds/rss/economia/,needs verification,N/A,
AR,Argentina,37,El Cronista - Finanzas,https://www.cronista.com/files/rss/finanzas_markets.xml,needs verification,N/A,
AR,Argentina,38,El Cronista - Economía,https://www.cronista.com/files/rss/economia_politica.xml,needs verification,N/A,
AR,Argentina,39,Rosario3 - Home,https://www.rosario3.com/rss/feed.xml,needs verification,N/A,
CL,Chile,1,Diario Financiero,https://www.df.cl/noticias/site/list/port/rss.xml,needs verification,N/A,
CL,Chile,2,The Clinic,https://www.theclinic.cl/feed/,needs verification,N/A,
CL,Chile,3,El Rancagüino,https://www.elrancaguino.cl/feed/,needs verification,N/A,
CL,Chile,4,Cambio21,https://cambio21.cl/rss,needs verification,N/A,
CL,Chile,5,La Discusión,https://ladiscusion.cl/feed/,needs verification,N/A,
CL,Chile,6,La Nación (Chile),https://www.lanacion.cl/feed,needs verification,N/A,
CL,Chile,7,El Siglo,https://elsiglo.cl/feed,needs verification,N/A,
CL,Chile,8,The Santiago Times,https://santiagotimes.cl/feed,needs verification,N/A,
CL,Chile,9,Infoweek,https://infoweek.biz/feed,needs verification,N/A,
CL,Chile,11,El Desconcierto,https://www.eldesconcierto.cl/feed/,needs verification,N/A,
CL,Chile,13,La Prensa Austral,https://laprensaaustral.cl/feed/,needs verification,N/A,
CL,Chile,14,CIPER Chile,https://www.ciperchile.cl/feed/,needs verification,N/A,
CL,Chile,15,Radio Universidad de Chile,https://radio.uchile.cl/feed/,needs verification,N/A,
CL,Chile,31,La Tercera - Home,https://www.latercera.com/arc/outboundfeeds/rss/?outputType=xml,needs verification,N/A,
CL,Chile,32,Pulso (La Tercera Biz),https://www.latercera.com/arc/outboundfeeds/rss/?outputType=xml&rotation=pulso,needs verification,N/A,
CL,Chile,33,Emol - Nacional,https://www.emol.com/rss/rss_nacional.xml,needs verification,N/A,
CL,Chile,34,Emol - Economía,https://www.emol.com/rss/rss_economia.xml,needs verification,N/A,
CL,Chile,35,BioBioChile - Home,https://www.biobiochile.cl/feed,needs verification,N/A,
CL,Chile,36,Cooperativa - Economía,https://www.cooperativa.cl/noticias/site/tax/port/all/rss_5___1.xml,needs verification,N/A,
CL,Chile,37,Cooperativa - País,https://www.cooperativa.cl/noticias/site/tax/port/all/rss_3___1.xml,needs verification,N/A,
CL,Chile,38,Cooperativa - País (모바일),https://m.cooperativa.cl/noticias/site/tax/port/all/rss_3___1.xml,needs verification,N/A,
CL,Chile,39,Cooperativa - Deportes,https://www.cooperativa.cl/noticias/site/tax/port/all/rss_1___24.xml,needs verification,N/A,
CL,Chile,40,Cooperativa - Deportes (모바일),https://m.cooperativa.cl/noticias/site/tax/port/all/rss_1___24.xml,needs verification,N/A,
CL,Chile,41,Cooperativa - Cine,https://www.cooperativa.cl/noticias/site/tax/port/all/rss_4_4__1.xml,needs verification,N/A,
CL,Chile,42,Cooperativa - Música,https://www.cooperativa.cl/noticias/site/tax/port/all/rss_4_11__1.xml,needs verification,N/A,
CL,Chile,43,Cooperativa - Banco Central (경제),https://www.cooperativa.cl/noticias/site/tax/port/all/rss_6_82__1.xml,needs verification,N/A,
CL,Chile,44,Cooperativa - Banco Central (모바일),https://m.cooperativa.cl/noticias/site/tax/port/all/rss_6_82__1.xml,needs verification,N/A,
CL,Chile,45,Cooperativa - Banco Central (모바일 fid_noticia),https://m.cooperativa.cl/noticias/site/tax/port/fid_noticia/rss_6_82__1.xml,needs verification,N/A,
CL,Chile,46,Cooperativa - Banco Central (오디오),https://www.cooperativa.cl/noticias/site/tax/port/fid_audio/rss_6_82__1.xml,needs verification,N/A,
CL,Chile,47,Cooperativa - Fútbol,https://www.cooperativa.cl/noticias/site/tax/port/all/rss_1_30__1.xml,needs verification,N/A,
CL,Chile,48,Cooperativa - Universidad de Chile,https://www.cooperativa.cl/noticias/site/tax/port/all/rss_1_30_332_1.xml,needs verification,N/A,
CL,Chile,49,Cooperativa - Copa Davis,https://www.cooperativa.cl/noticias/site/tax/port/all/rss_1_58_534_1.xml,needs verification,N/A,
CL,Chile,50,Cooperativa - Sociedad,https://www.cooperativa.cl/noticias/site/tax/port/fid_audio/rss_7_136__1.xml,needs verification,N/A,
CL,Chile,51,Cooperativa - Genética (Sociedad),https://www.cooperativa.cl/noticias/site/tax/port/fid_audio/rss_7_221_1735_1.xml,needs verification,N/A,
CL,Chile,60,Cooperativa - Genética (88frases),https://88frases.cooperativa.cl/noticias/site/tax/port/fid_audio/rss_7_221_1735_1.xml,needs verification,N/A,
CL,Chile,52,Cooperativa - Oftalmología (Sociedad),https://88frases.cooperativa.cl/noticias/site/tax/port/fid_audio/rss_7_120_1804_1.xml,needs verification,N/A,
CL,Chile,53,Cooperativa - Donald Trump,https://www.cooperativa.cl/noticias/site/tax/port/all/rss_2_76_2384_1.xml,needs verification,N/A,
CL,Chile,54,Cooperativa - Argentina,https://www.cooperativa.cl/noticias/site/tax/port/all/rss_2_70__1.xml,needs verification,N/A,
CL,Chile,55,Cooperativa - Música Chilena,https://www.cooperativa.cl/noticias/site/tax/port/all/rss_4_11_779_1.xml,needs verification,N/A,
CL,Chile,56,Cooperativa - Cine (오디오),https://www.cooperativa.cl/noticias/site/tax/port/fid_audio/rss_4_4__1.xml,needs verification,N/A,
CL,Chile,57,Cooperativa - Música (오디오),https://www.cooperativa.cl/noticias/site/tax/port/fid_audio/rss_4_11__1.xml,needs verification,N/A,
CL,Chile,58,Cooperativa - Venezuela (오디오),https://www.cooperativa.cl/noticias/site/tax/port/fid_audio/rss_3_81_1474_1.xml,needs verification,N/A,
CL,Chile,59,Reporte Minero,https://www.reporteminero.cl/feed,needs verification,N/A,
DO,Dominican Republic,1,Diario Libre - Portada,https://www.diariolibre.com/rss/portada.xml,needs verification,N/A,
DO,Dominican Republic,2,Diario Libre - Actualidad,https://www.diariolibre.com/rss/actualidad.xml,needs verification,N/A,
DO,Dominican Republic,3,Diario Libre - Política,https://www.diariolibre.com/rss/politica.xml,needs verification,N/A,
DO,Dominican Republic,4,Diario Libre - Economía,https://www.diariolibre.com/rss/economia.xml,needs verification,N/A,
DO,Dominican Republic,5,Diario Libre - Opinión,https://www.diariolibre.com/rss/opinion.xml,needs verification,N/A,
DO,Dominican Republic,7,Diario Libre - Deportes,https://www.diariolibre.com/rss/deportes.xml,needs verification,N/A,
DO,Dominican Republic,8,Diario Libre - Mundo,https://www.diariolibre.com/rss/mundo.xml,needs verification,N/A,
DO,Dominican Republic,10,Diario Libre - Videos,https://www.diariolibre.com/rss/videos.xml,needs verification,N/A,
DO,Dominican Republic,11,Diario Libre - Edición USA,https://www.diariolibre.com/rss/dl-usa.xml,needs verification,N/A,
DO,Dominican Republic,12,AlMomento - Portada,https://almomento.net/feed/,needs verification,N/A,
DO,Dominican Republic,13,AlMomento - Política,https://almomento.net/categoria/politica/feed/,needs verification,N/A,
DO,Dominican Republic,14,AlMomento - Deportes,https://almomento.net/categoria/deportes/feed/,needs verification,N/A,
DO,Dominican Republic,15,AlMomento - Económicas,https://almomento.net/categoria/economicas/feed/,needs verification,N/A,
DO,Dominican Republic,16,AlMomento - Dominicanos en el Exterior,https://almomento.net/categoria/dominicanos-en-el-exterior/feed/,needs verification,N/A,
DO,Dominican Republic,17,AlMomento - Internacionales,https://almomento.net/categoria/internacionales/feed/,needs verification,N/A,
DO,Dominican Republic,18,AlMomento - Variedades,https://almomento.net/categoria/variedades/feed/,needs verification,N/A,
DO,Dominican Republic,19,AlMomento - Opinión,https://almomento.net/categoria/opinion/feed/,needs verification,N/A,
DO,Dominican Republic,20,AlMomento - Haití,https://almomento.net/categoria/haiti/feed/,needs verification,N/A,
DO,Dominican Republic,21,AlMomento - Provincias,https://almomento.net/categoria/provincias/feed/,needs verification,N/A,
DO,Dominican Republic,29,El Nacional,https://elnacional.com.do/feed/,needs verification,N/A,
DO,Dominican Republic,30,El Nuevo Diario,https://elnuevodiario.com.do/feed/,needs verification,N/A,
DO,Dominican Republic,31,Listín Diario - Portada,https://listindiario.com/rss/portada.xml,needs verification,N/A,
DO,Dominican Republic,32,Listín Diario - Economía,https://listindiario.com/rss/economia.xml,needs verification,N/A,
DO,Dominican Republic,33,Periódico Hoy,https://hoy.com.do/feed/,needs verification,N/A,
DO,Dominican Republic,34,El Dinero,https://eldinero.com.do/feed/,needs verification,N/A,
DO,Dominican Republic,35,Acento,https://acento.com.do/feed/,needs verification,N/A,
DO,Dominican Republic,36,Acento - Author Feed,https://acento.com.do/author/jcastillo/feed/,needs verification,N/A,
DO,Dominican Republic,37,Noticias SIN,https://feeds.feedburner.com/noticiassin1,needs verification,N/A,
UY,Uruguay,1,El Observador - Home,https://www.elobservador.com.uy/rss/pages/home.xml,needs verification,N/A,
UY,Uruguay,2,El Observador - Último momento,https://www.elobservador.com.uy/rss/pages/ultimo-momento.xml,needs verification,N/A,
UY,Uruguay,3,El Observador - Mundo,https://www.elobservador.com.uy/rss/pages/Mundo.xml,needs verification,N/A,
UY,Uruguay,4,El Observador - Nacional,https://www.elobservador.com.uy/rss/pages/nacional.xml,needs verification,N/A,
UY,Uruguay,5,El Observador - Sociales,https://www.elobservador.com.uy/rss/pages/sociales.xml,needs verification,N/A,
UY,Uruguay,6,El Observador - Café y Negocios,https://www.elobservador.com.uy/rss/pages/cafe-y-negocios.xml,needs verification,N/A,
UY,Uruguay,7,El Observador - Agro,https://www.elobservador.com.uy/rss/pages/Agro.xml,needs verification,N/A,
UY,Uruguay,8,El Observador - Economía y Empresas,https://www.elobservador.com.uy/rss/pages/economia.xml,needs verification,N/A,
UY,Uruguay,9,El Observador - Opinión,https://www.elobservador.com.uy/rss/pages/opinion.xml,needs verification,N/A,
UY,Uruguay,10,El Observador - Salud,https://www.elobservador.com.uy/rss/pages/salud.xml,needs verification,N/A,
UY,Uruguay,11,El Observador - Ciencia y Tecnología,https://www.elobservador.com.uy/rss/pages/ciencia-y-tecnologia.xml,needs verification,N/A,
UY,Uruguay,12,El Observador - Cultura y Espectáculos,https://www.elobservador.com.uy/rss/pages/cultura-y-espectaculos.xml,needs verification,N/A,
UY,Uruguay,13,El Observador - Ediciones especiales,https://www.elobservador.com.uy/rss/pages/ediciones-especiales.xml,needs verification,N/A,
UY,Uruguay,14,El Observador - Referí,https://www.elobservador.com.uy/rss/pages/referi.xml,needs verification,N/A,
UY,Uruguay,15,El Observador - Running,https://www.elobservador.com.uy/rss/pages/running.xml,needs verification,N/A,
UY,Uruguay,16,El Observador - Selección,https://www.elobservador.com.uy/rss/pages/seleccion.xml,needs verification,N/A,
UY,Uruguay,17,El Observador - Rugby,https://www.elobservador.com.uy/rss/pages/rugby.xml,needs verification,N/A,
UY,Uruguay,18,El Observador - Polideportivo,https://www.elobservador.com.uy/rss/pages/polideportivo.xml,needs verification,N/A,
UY,Uruguay,19,El Observador - Básquetbol,https://www.elobservador.com.uy/rss/pages/basquetbol.xml,needs verification,N/A,
UY,Uruguay,20,El Observador - Copa América,https://www.elobservador.com.uy/rss/pages/copa-america-odl.xml,needs verification,N/A,
UY,Uruguay,21,El Observador - Motor,https://www.elobservador.com.uy/rss/pages/motor.xml,needs verification,N/A,
UY,Uruguay,22,El Observador - Fútbol internacional,https://www.elobservador.com.uy/rss/pages/futbol-internacional.xml,needs verification,N/A,
UY,Uruguay,23,El Observador - Fútbol,https://www.elobservador.com.uy/rss/pages/futbol.xml,needs verification,N/A,
UY,Uruguay,24,El Observador - Copa Libertadores,https://www.elobservador.com.uy/rss/pages/copa-libertadores.xml,needs verification,N/A,
UY,Uruguay,25,Montevideo Portal - Información destacada,https://www.montevideo.com.uy/anxml.aspx?58,needs verification,N/A,
UY,Uruguay,26,Montevideo Portal - Noticias,https://www.montevideo.com.uy/anxml.aspx?59,needs verification,N/A,
UY,Uruguay,27,Montevideo Portal - Tiempo Libre,https://www.montevideo.com.uy/anxml.aspx?60,needs verification,N/A,
UY,Uruguay,28,Montevideo Portal - Tecnología,https://www.montevideo.com.uy/anxml.aspx?133,needs verification,N/A,
UY,Uruguay,29,Montevideo Portal - Negocios & Tendencias,https://www.montevideo.com.uy/anxml.aspx?728,needs verification,N/A,
UY,Uruguay,30,Montevideo Portal - Deportes,https://www.montevideo.com.uy/anxml.aspx?1727,needs verification,N/A,
UY,Uruguay,31,El País - Portada,https://www.elpais.com.uy/rss,needs verification,N/A,
UY,Uruguay,32,El País - Economía,https://www.elpais.com.uy/rss/economia-y-mercado,needs verification,N/A,
UY,Uruguay,33,Montevideo Portal - Negocios,https://www.montevideo.com.uy/anxml.aspx?728,needs verification,N/A,
UY,Uruguay,34,La Diaria - Política,https://ladiaria.com.uy/feeds/section/politica/,needs verification,N/A,
UY,Uruguay,35,La Diaria - Economía,https://ladiaria.com.uy/feeds/section/economia/,needs verification,N/A,
UY,Uruguay,36,Subrayado - Home,https://www.subrayado.com.uy/rss/pages/home.xml,needs verification,N/A,
UY,Uruguay,37,Subrayado - Sociedad,https://www.subrayado.com.uy/rss/pages/sociedad.xml,needs verification,N/A,
UY,Uruguay,38,Subrayado - Nacional,https://www.subrayado.com.uy/rss/pages/nacional.xml,needs verification,N/A,
UY,Uruguay,39,Subrayado - Política,https://www.subrayado.com.uy/rss/pages/politica.xml,needs verification,N/A,
UY,Uruguay,40,Subrayado - Policiales,https://www.subrayado.com.uy/rss/pages/policiales.xml,needs verification,N/A,
UY,Uruguay,41,Subrayado - Internacionales,https://www.subrayado.com.uy/rss/pages/internacionales.xml,needs verification,N/A,
UY,Uruguay,42,Subrayado - Opinión,https://www.subrayado.com.uy/rss/pages/opinion.xml,needs verification,N/A,
UY,Uruguay,43,Subrayado - Tecnología e Internet,https://www.subrayado.com.uy/rss/pages/tecnologia-internet.xml,needs verification,N/A,
UY,Uruguay,44,Subrayado - Deportes,https://www.subrayado.com.uy/rss/pages/deportes.xml,needs verification,N/A,
UY,Uruguay,45,Subrayado - Economía,https://www.subrayado.com.uy/rss/pages/economia.xml,needs verification,N/A,
AT,Austria,1,Der Standard,https://www.derstandard.at/rss,needs verification,N/A,
AT,Austria,2,ORF,https://rss.orf.at/news.xml,needs verification,N/A,
AT,Austria,3,Die Presse,https://www.diepresse.com/rss,needs verification,N/A,
AT,Austria,4,Tiroler Tageszeitung,https://www.tt.com/rss/news.xml,needs verification,N/A,
AT,Austria,5,ORF Aktuell,https://rss.orf.at/,needs verification,N/A,
AT,Austria,6,Kurier (Top News),https://kurier.at/xml/rssd,needs verification,N/A,
AT,Austria,7,Neue Donau,https://www.neue.at/feed,needs verification,N/A,
AT,Austria,8,Der Standard,https://www.derstandard.at/rss?section=welt,needs verification,N/A,
AT,Austria,9,Kleine Zeitung,https://www.kleinezeitung.at/rss/home,needs verification,N/A,
AT,Austria,10,Der Standard,https://www.derstandard.at/rss?output=amp,needs verification,N/A,
AT,Austria,11,Der Standard Plus,https://www.derstandard.at/rss/wirtschaft,needs verification,N/A,
AT,Austria,12,derStandard - International,https://www.derstandard.at/rss/international,needs verification,N/A,
AT,Austria,13,derStandard - Inland,https://www.derstandard.at/rss/inland,needs verification,N/A,
AT,Austria,14,derStandard - Web,https://www.derstandard.at/rss/web,needs verification,N/A,
AT,Austria,15,derStandard - Sport,https://www.derstandard.at/rss/sport,needs verification,N/A,
AT,Austria,16,derStandard - Panorama,https://www.derstandard.at/rss/panorama,needs verification,N/A,
AT,Austria,17,derStandard - Etat,https://www.derstandard.at/rss/etat,needs verification,N/A,
AT,Austria,18,derStandard - Kultur,https://www.derstandard.at/rss/kultur,needs verification,N/A,
AT,Austria,19,derStandard - Wissenschaft,https://www.derstandard.at/rss/wissenschaft,needs verification,N/A,
AT,Austria,20,derStandard - Gesundheit,https://www.derstandard.at/rss/gesundheit,needs verification,N/A,
AT,Austria,21,derStandard - Lifestyle,https://www.derstandard.at/rss/lifestyle,needs verification,N/A,
AT,Austria,22,derStandard - Karriere,https://www.derstandard.at/rss/karriere,needs verification,N/A,
AT,Austria,23,derStandard - Immobilien,https://www.derstandard.at/rss/immobilien,needs verification,N/A,
AT,Austria,24,derStandard - Diskurs,https://www.derstandard.at/rss/diskurs,needs verification,N/A,
AT,Austria,25,derStandard - dieStandard.at,https://www.derstandard.at/rss/diestandard,needs verification,N/A,
AT,Austria,26,derStandard - Live,https://www.derstandard.at/rss/live,needs verification,N/A,
AT,Austria,27,derStandard - Video,https://www.derstandard.at/rss/video,needs verification,N/A,
AT,Austria,28,derStandard - Podcast,https://www.derstandard.at/rss/podcast,needs verification,N/A,
AT,Austria,29,derStandard - Recht,https://www.derstandard.at/rss/recht,needs verification,N/A,
NO,Norway,1,NRK,https://www.nrk.no/toppsaker.rss,needs verification,N/A,
NO,Norway,5,NRK News,https://www.nrk.no/nyheter/siste.rss,needs verification,N/A,
NO,Norway,10,TV2,https://www.tv2.no/rss/toppsaker.xml,needs verification,N/A,
NO,Norway,12,E24,https://e24.no/rss,needs verification,N/A,
NO,Norway,16,Dagbladet,https://www.dagbladet.no/rss/nyheter,needs verification,N/A,
NO,Norway,18,TV2,https://www.tv2.no/rss/nyheter/,needs verification,N/A,
NO,Norway,22,E24,https://e24.no/rss/okonomi.xml,needs verification,N/A,
NO,Norway,27,TV2,https://www.tv2.no/rss/politikk.xml,needs verification,N/A,
NO,Norway,30,E24,https://e24.no/rss/nyheter.xml,needs verification,N/A,
NO,Norway,31,VG - Forsiden,https://www.vg.no/rss/feed/forsiden/,needs verification,N/A,
NO,Norway,32,VG - Innenriks,https://www.vg.no/rss/feed/?categories=1069,needs verification,N/A,
NO,Norway,33,VG - Utenriks,https://www.vg.no/rss/feed/?categories=1070,needs verification,N/A,
NO,Norway,34,E24 - Børs og finans,https://e24.no/rss2/?seksjon=boers-og-finans,needs verification,N/A,
NO,Norway,35,E24 - Aksjetips,http://e24.no/rss2/?seksjon=aksjetips,needs verification,N/A,
NO,Norway,36,E24 - IT & Telekom,http://e24.no/rss2/?seksjon=it,needs verification,N/A,
NO,Norway,37,NRK - RSS oversikt (directory),https://www.nrk.no/rss/,needs verification,N/A,
NO,Norway,38,NRK - Innenriks,https://www.nrk.no/norge/toppsaker.rss,needs verification,N/A,
NO,Norway,39,TV2 - Nyheter,https://www.tv2.no/rss/nyheter,needs verification,N/A,
NO,Norway,40,TV2 - Innenriks,https://www.tv2.no/rss/nyheter/innenriks,needs verification,N/A,
NO,Norway,41,TV2 - Utenriks,https://www.tv2.no/rss/nyheter/utenriks,needs verification,N/A,
NO,Norway,42,TV2 - Sport,https://www.tv2.no/rss/sport,needs verification,N/A,
NO,Norway,43,TV2 - Underholdning,https://www.tv2.no/rss/underholdning,needs verification,N/A,
NO,Norway,44,Nettavisen - Alle saker,https://www.nettavisen.no/service/rich-rss,needs verification,N/A,
NO,Norway,45,Nettavisen - Nyheter,https://www.nettavisen.no/service/rich-rss?tag=nyheter,needs verification,N/A,
NO,Norway,46,Nettavisen - Sport,https://www.nettavisen.no/service/rich-rss?tag=sport,needs verification,N/A,
NO,Norway,47,Dagbladet,https://www.dagbladet.no/?lab_viewport=rss,needs verification,N/A,
NO,Norway,48,Aftenposten,https://www.aftenposten.no/rss/,needs verification,N/A,
NO,Norway,49,Dagsavisen,https://www.dagsavisen.no/rss,needs verification,N/A,
NO,Norway,50,DN - RSS directory,https://services.dn.no/tools/rss,needs verification,N/A,
NO,Norway,51,DN - Alle nyheter,https://services.dn.no/api/feed/rss/,needs verification,N/A,
NO,Norway,52,Finansavisen,https://ws.finansavisen.no/api/articles.rss,needs verification,N/A,
NO,Norway,53,Finansavisen - Børs,https://ws.finansavisen.no/api/articles.rss?category=B%C3%B8rs,needs verification,N/A,
Global,Global Energy & Grid,1,OilPrice,https://oilprice.com/rss/main,invalid,N/A,
Global,Global Energy & Grid,3,Power Engineering,https://www.power-eng.com/feed/,invalid,N/A,
Global,Global Energy & Grid,4,Renewable Energy World,https://www.renewableenergyworld.com/feed/,invalid,N/A,
Global,Global Energy & Grid,5,Utility Dive,https://www.utilitydive.com/feeds/news/,invalid,N/A,
Global,Global Energy & Grid,6,CleanTechnica,https://cleantechnica.com/feed/,invalid,N/A,
Global,Global Energy & Grid,11,Carbon Brief,https://www.carbonbrief.org/feed/,needs verification,N/A,
Global,Global Energy & Grid,12,Power Magazine,https://www.powermag.com/feed/,needs verification,N/A,
Global,Global Energy & Grid,15,PV Magazine,https://www.pv-magazine.com/feed/,needs verification,N/A,
Global,Global Energy & Grid,17,Energy Post,https://energypost.eu/feed/,needs verification,N/A,
Global,Global Energy & Grid,28,Energy Storage News,https://www.energy-storage.news/rss,needs verification,N/A,
Global,Global Energy & Grid,29,Energy Storage News,https://www.energy-storage.news/feed,needs verification,N/A,
